created_at,id_str,full_text,quote_count,reply_count,retweet_count,favorite_count,lang,user_id_str,conversation_id_str,username,tweet_url,mention_username
Tue Feb 28 15:07:03 +0000 2023,1630585376036503552,@starfess 1. exo kehilangan 3 membernya itu pas gue lagi ngefans bgt sama mereka 2. b.i keluar dri ikon karena ngikutin perjuangannya dia dari win sampai mix and match 3. mashidam keluar dari treasure saat gue lagi sayang sayangnya sama mereka 4. meninggalnya jonghyun shinee,1,1,45,1269,in,1403264881034358791,1630569851835019265,orangesquashbeb,https://twitter.com/orangesquashbeb/status/1630585376036503552,starfess
Tue Feb 28 11:49:01 +0000 2023,1630535539924561921,"[TRANS] ğŸ° 280223  OP : liat deh, ini udah diumuminâ€¦siapa coba yang gak bangga? treasure tuh selalu bikin bangga! satu-satunya artis korea yang tampil di acara internasional di jepang! aku bangga banget ã… ã…   cont. @treasuremembers https://t.co/6P45OmXOBB",29,4,130,1713,in,1376469852479574020,1630535539924561921,teuverse_id,https://twitter.com/teuverse_id/status/1630535539924561921,treasuremembers
Tue Feb 28 10:23:50 +0000 2023,1630514104669736960,"-hey baru nonton, di sini sender terpesona sama akting doyoung treasure dari ekspresi, tatapan matanya, karakternya yg jadi ketua kelas nyebelin tp ga bisa benci sama orangnyağŸ¤­ cocok jadi peran antagonis, keren dah pokoknya ğŸ‘ https://t.co/iNNkwvtAZm",47,85,120,1681,in,1210342758029807616,1630514104669736960,starfess,https://twitter.com/starfess/status/1630514104669736960,
Mon Feb 27 06:42:41 +0000 2023,1630096061267345410,- adek abang sama aja -  â€”â€”â€”â€”â€”  asahi treasure ft asa few tweets au https://t.co/BdWrcn0deI,38,1,519,3726,in,1300637517402701824,1630096061267345410,kattsoju,https://twitter.com/kattsoju/status/1630096061267345410,
Sat Feb 25 09:06:21 +0000 2023,1629407440373526528,teume! treasure bikin tiktok bagaikan langit di sore hari ğŸ˜­ğŸ˜­  https://t.co/R5S21mC1ux,379,315,388,3246,in,1271439514460753920,1629407440373526528,treasuremenfess,https://twitter.com/treasuremenfess/status/1629407440373526528,
Sat Feb 25 02:34:33 +0000 2023,1629308842566901762,[ Serba-serbi rekomendasi bracelet yg dipakai treasure &amp  all idol kpop ]  â€” a thread by lala https://t.co/ZTk9Gxpzud,32,1,940,6358,in,1300637517402701824,1629308842566901762,kattsoju,https://twitter.com/kattsoju/status/1629308842566901762,
Fri Feb 24 03:59:10 +0000 2023,1628967748796846081,"-guys guys kalo di svt yg kelakuannya randomm &amp  agak lain siapa yaa? (kayak nctdream jaemin, treasure asahi, ) https://t.co/Ch7UZ3kGOy",459,983,411,5261,in,1210342758029807616,1628967748796846081,starfess,https://twitter.com/starfess/status/1628967748796846081,
Thu Feb 23 10:57:57 +0000 2023,1628710750255714304,teume! cinta pertama kalian di treasure siapa? https://t.co/zs7HsLyOaC,254,1331,170,3531,in,1271439514460753920,1628710750255714304,treasuremenfess,https://twitter.com/treasuremenfess/status/1628710750255714304,
Wed Feb 22 15:33:20 +0000 2023,1628417665114198016,Treasure as Si Paling Teknik Haruto : Teknik Kimia Jeongwoo : Teknik Kimia Jihoon : Teknik Mesin Hyunsuk : Arsitektur https://t.co/hUWJSKt9Xn,65,14,377,2727,in,1465644828809523205,1628417665114198016,hazhiera,https://twitter.com/hazhiera/status/1628417665114198016,
Wed Feb 22 09:35:55 +0000 2023,1628327718281527297,[230222] Hyung line  #TREASURE #íŠ¸ë ˆì € #CHOIHYUNSUK #JIHOON #YOSHI #JUNKYU @treasuremembers https://t.co/jks36pdFVK,10,1,199,847,vi,1281373506492563458,1628327718281527297,TRSYGHD,https://twitter.com/TRSYGHD/status/1628327718281527297,treasuremembers
Wed Feb 22 03:59:16 +0000 2023,1628242995404492800,â€” ğŸ€ğŸŒ¸ GIVEAWAY LIGHTSTICK KEYRING TREASURE 1 WINNER ğŸŒ¸ğŸ€ â€”  rules  â€¢ follow + rt + like â€¢ rep apa aja bebas â€¢ jangan spam comment   end bulan maret [ tanggalnya tergantung mood ğŸ¥¹ğŸ‘‹ğŸ» ] https://t.co/lX2C1JzxIf,5,563,604,744,in,815936202834444288,1628242995404492800,asahuyuhuy,https://twitter.com/asahuyuhuy/status/1628242995404492800,
Wed Feb 22 02:12:14 +0000 2023,1628216060376940545,treasure pas ke pop up kemaren teume! outfit siapa yang paling kalian suka ğŸ˜‹ https://t.co/ZFWFSdJiz4,85,138,185,1500,in,1271439514460753920,1628216060376940545,treasuremenfess,https://twitter.com/treasuremenfess/status/1628216060376940545,
Wed Feb 22 00:37:10 +0000 2023,1628192138520563713,"Teume! Cepetan cek sekarang silsilah keturunan keluarga kalian, bisa jadi salah satu member Treasure sepupu jauh kliaann ğŸ˜­ğŸ˜­ğŸ˜­ğŸ˜­ https://t.co/D7YDqbdECv",49,66,84,1514,in,1271439514460753920,1628192138520563713,treasuremenfess,https://twitter.com/treasuremenfess/status/1628192138520563713,
Tue Feb 21 14:46:17 +0000 2023,1628043437831491585,Seberapa #SiPalingMarvel nya kamu.. tau ga Hyunsuk 'Treasure' lagi dengerin theme song film/karakter marvel apa? ğŸ‘€  ğŸ’œğŸ”¥ğŸ’œğŸ”¥ https://t.co/WofVLVrlGk,115,52,495,1705,in,1272192611357323264,1628043437831491585,SiPalingMarvel,https://twitter.com/SiPalingMarvel/status/1628043437831491585,
Tue Feb 21 08:44:42 +0000 2023,1627952439692259328,[230221] Asahi   #TREASURE #íŠ¸ë ˆì € #ASAHI @treasuremembers https://t.co/BJjuFiB4EX,28,0,264,849,in,1281373506492563458,1627952439692259328,TRSYGHD,https://twitter.com/TRSYGHD/status/1627952439692259328,treasuremembers
Sat Feb 18 09:45:03 +0000 2023,1626880466531020803,Teume! Kayaknya jokes di antara member treasure baru baru ini tu jadi staff ğŸ˜­ğŸ˜­ğŸ˜­ğŸ˜­ https://t.co/8iqB5HRV8X,42,54,249,4448,in,1271439514460753920,1626880466531020803,treasuremenfess,https://twitter.com/treasuremenfess/status/1626880466531020803,
Sat Feb 18 09:00:54 +0000 2023,1626869352535572484,Kenapa yg ginian ditiru si allahuakbar... Treasure ruqyah lu pada ğŸ˜­ jangan terlalu ngefans lah plis https://t.co/cF4GDQuWS8,321,9,823,2818,in,877527494340952065,1626869352535572484,cherishthe17,https://twitter.com/cherishthe17/status/1626869352535572484,
Fri Feb 17 15:40:08 +0000 2023,1626607437045440512,Teume! Caption doyoung ke junghwan : Hijau : ayo kita jadi treasure yang bertahan lama Also doyoung Merah : junghwan-a bleeew ( ğŸ˜ ) ã…‹ https://t.co/xZ5dd5lcCy,85,65,304,3727,in,1271439514460753920,1626607437045440512,treasuremenfess,https://twitter.com/treasuremenfess/status/1626607437045440512,
Thu Feb 16 03:44:08 +0000 2023,1626064860030316545,spot camera with jaesahiğŸ˜‚  #ASAHI #ì•„ì‚¬íˆ #TREASURE #íŠ¸ë ˆì € https://t.co/Y7LUuO0gdU,47,0,415,1836,in,1452156544624168960,1626064860030316545,ASAHIFEEDS,https://twitter.com/ASAHIFEEDS/status/1626064860030316545,
Tue Feb 14 15:01:23 +0000 2023,1625510521196912640,"Wahhh teume! akhirnya besok treasure comeback, deg-degan gasii? siapa yg udah ga sabar dengerin jikjin? https://t.co/gICQLmQsuk",171,297,229,3994,in,1271439514460753920,1625510521196912640,treasuremenfess,https://twitter.com/treasuremenfess/status/1625510521196912640,
Tue Feb 14 09:31:54 +0000 2023,1625427605754347520,"Teume! Drop video tiktok atau editan treasure yg ada di hp mu dong, pengen panen nihh sebelum base tutup ğŸ˜ğŸªğŸ§¡ https://t.co/TlUfUdJxPE",22,94,140,2068,in,1271439514460753920,1625427605754347520,treasuremenfess,https://twitter.com/treasuremenfess/status/1625427605754347520,
Sat Feb 11 23:43:01 +0000 2023,1624554631601999872,[ğŸ‘¥] K-Netizen kagum dengan cara YG Entertainment memperlakukan Jeongwoo TREASURE di hari kelulusan SMA-nya.  Postingan OP disitus Pann mengenai cara YG Entertainment mengurus TREASURE (1/2) https://t.co/eeThaxOGfw,23,2,232,1527,in,1389028983203799040,1624554631601999872,supportygfamily,https://twitter.com/supportygfamily/status/1624554631601999872,
Sat Feb 11 11:10:01 +0000 2023,1624365131093377024,teume! Kutub utara sama kutub selatannya treasure nih bos https://t.co/jPLoA2YkjC,33,32,129,1456,in,1271439514460753920,1624365131093377024,treasuremenfess,https://twitter.com/treasuremenfess/status/1624365131093377024,
Sat Feb 11 11:08:24 +0000 2023,1624364723792912384,woosahiğŸ¤âœŒğŸ»  #ASAHI #ì•„ì‚¬íˆ #TREASURE #íŠ¸ë ˆì € https://t.co/oNoBwcbP7C,32,0,461,2888,in,1452156544624168960,1624364723792912384,ASAHIFEEDS,https://twitter.com/ASAHIFEEDS/status/1624364723792912384,
Sat Feb 11 10:10:51 +0000 2023,1624350243155480577,"[TRANS] ğŸ¶ 110223  OP : kak jihoon, adekku kelas 2 sd. dia tau semua lagu treasure, bahkan bisa ikutin dancenya jikjin!! terus jago juga nyanyi lagu jepang. mau nanya mending kakak dipanggilnya gimana. tetep kakak?? atau om??  ğŸ¶ : apa aja boleh kecuali pakde ğŸ˜„ https://t.co/hCn3km6Dmz",127,106,214,2679,in,1376469852479574020,1624350243155480577,teuverse_id,https://twitter.com/teuverse_id/status/1624350243155480577,
Sat Feb 11 03:10:21 +0000 2023,1624244420819423233,teume! liat deh tum. junkyu masuk yutubnya gamers korea yang takjub juga ngeliat permainan junkyuğŸ‘ğŸ»ğŸ‘ğŸ»ğŸ‘ğŸ» anak anak kita beneran all rounder ya . di notice dari segala aspek nya ğŸ˜­ğŸ˜­ treasure being so popular https://t.co/kTAJ1gBceb,52,31,285,2624,in,1271439514460753920,1624244420819423233,treasuremenfess,https://twitter.com/treasuremenfess/status/1624244420819423233,
Fri Feb 10 08:26:03 +0000 2023,1623961481862877184,"@teuverse_id @treasuremembers itu akuu gaisğŸ˜­ sebener nya aku pas pake translate indo ke korea tuh oppa... minta uang dong buat nonton konser treasure di indo nanti"" tapi ya sudah lah jadinya begitu apalah daya kalo pake translateğŸ˜­ğŸ˜­ğŸ˜­""",61,54,49,1376,in,878448465595965440,1623959480026435584,n4ybo0,https://twitter.com/n4ybo0/status/1623961481862877184,"teuverse_id, treasuremembers"
Thu Feb 09 09:06:15 +0000 2023,1623609208452317184,TEUME! BACA DEH ğŸ¥¹ğŸ˜­ğŸ¤  terharu sekaligus bangga sama pencapaian jeongwoo! anak pintar anak kesayangan kita udah lulus SMA :( kekeluargaan treasure juga erat banget ğŸ¥¹ happy graduation park jeongwoo ğŸºğŸ«¶   https://t.co/7qrsdffVJl,231,93,1547,5576,in,1271439514460753920,1623609208452317184,treasuremenfess,https://twitter.com/treasuremenfess/status/1623609208452317184,
Thu Feb 09 14:38:41 +0000 2023,1623692870485180416,Hai teume! pas keluar poster ini kalian udh kenal treasure belum? https://t.co/xLIhFkZO90,179,805,78,2370,in,1271439514460753920,1623692870485180416,treasuremenfess,https://twitter.com/treasuremenfess/status/1623692870485180416,
Fri Feb 10 08:18:06 +0000 2023,1623959480026435584,"[TRANS] ğŸ¦‹ 100223  OP : kakâ€¦nanti pas treasure konser di indonesia aku mau minta duit  ğŸ¦‹ : kamu mau minta duit ke kakak? engga engga, gak aku kasih  @treasuremembers https://t.co/NtWvIyfcYB",601,274,763,8144,in,1376469852479574020,1623959480026435584,teuverse_id,https://twitter.com/teuverse_id/status/1623959480026435584,treasuremembers
Thu Feb 09 06:24:58 +0000 2023,1623568623477596160,jeongwoo : liat nih ngab gue lulus  dapat penghargaan nih ğŸ˜ğŸ˜*ngeliat member  #PARKJEONGWOO #TREASURE #HappyGradWOOation https://t.co/hJKsjVuRgU,26,5,682,3062,in,1444328402836545548,1623568623477596160,baddiepw,https://twitter.com/baddiepw/status/1623568623477596160,
Thu Feb 09 03:19:11 +0000 2023,1623521866416799745,ğŸ“Jaehyuk and Asahi at Fukuoka  #ASAHI #ì•„ì‚¬íˆ #TREASURE #íŠ¸ë ˆì € https://t.co/fUhP8hg5I2,14,0,307,1390,in,1452156544624168960,1623521866416799745,ASAHIFEEDS,https://twitter.com/ASAHIFEEDS/status/1623521866416799745,
Thu Feb 09 03:14:42 +0000 2023,1623520738534907904,"@treasuremenfess Haruto suaramu ğŸ˜­ Jeongwoo udah lulus, dulu Treasure Box kecil. Cepet bgt, agak nggak rela ğŸ˜­ https://t.co/i5FqJfmnm6",31,11,284,2183,in,1480833193959837697,1623512342486192129,sqaarrz,https://twitter.com/sqaarrz/status/1623520738534907904,treasuremenfess
Thu Feb 09 03:06:05 +0000 2023,1623518569274421251,"-guys ini member treasure berisik banget pantesan si jeongwoo malu, udah mana nyusuh si jeongwoo nge jikjinnnğŸ˜­ğŸ˜­ğŸ˜­  https://t.co/b2RRGtUF7u",44,28,182,1091,in,1210342758029807616,1623518569274421251,starfess,https://twitter.com/starfess/status/1623518569274421251,
Thu Feb 09 03:01:06 +0000 2023,1623517318654627841,ğŸ¦”hyunsuk: JEONGWOO YA! JEONGWOO YA YOU HAVE TO SEE YOUR FRONT! JEONGWOO YA! JUST DANCE! YEONGYU HI! ğŸ¦‹haruto: JEONGWOO DO JIKJIN! DANCE JIKJIN JIKJIN! ğŸ¦”hyunsuk: LEST GO!! I'LL TREAT YOU!!  #ìµœí˜„ì„ #CHOIHYUNSUK #ãƒ’ãƒ§ãƒ³ã‚½ã‚¯ #íŠ¸ë ˆì €Â #TREASURE #ãƒˆãƒ¬ã‚¸ãƒ£ãƒ¼  https://t.co/VYc6w8cCf7,34,1,247,810,in,1161569534639132672,1623517318654627841,clichenari,https://twitter.com/clichenari/status/1623517318654627841,
Thu Feb 09 02:59:55 +0000 2023,1623517018648612867,treasure : jeongjeongiee jeongjeongie â˜ºï¸ğŸ˜šğŸ¤ªğŸ˜œ jeongwoo : jongu malu hyungğŸ˜…ğŸ«£  #PARKJEONGWOO #HappyGradWOOation #TREASURE https://t.co/40iXFdVVJ8,115,10,828,3358,in,1444328402836545548,1623517018648612867,baddiepw,https://twitter.com/baddiepw/status/1623517018648612867,
Thu Feb 09 02:34:11 +0000 2023,1623510541296873472,@jeongrou Seperti bilang â€œtreasure semangatâ€ ğŸ˜­,0,0,3,891,in,1411321312400736262,1623499577407180800,starlight_jikyu,https://twitter.com/starlight_jikyu/status/1623510541296873472,jeongrou
Thu Feb 09 01:48:50 +0000 2023,1623499129723981825,"@treasuremenfess mana orangnya udah gak di treasure, tapi hand sing year booknya tetep treasure abadi sampai nanti ğŸ˜­ https://t.co/zAC6uQdACF",8,11,49,997,in,1082517096221704193,1623498651816566784,hwanpie_,https://twitter.com/hwanpie_/status/1623499129723981825,treasuremenfess
Thu Feb 09 01:46:56 +0000 2023,1623498651816566784,teume! jdi keinget yearbook yedam kemarin buat treasure signğŸ˜” https://t.co/P9kDL1hQes,854,802,2232,18354,in,1271439514460753920,1623498651816566784,treasuremenfess,https://twitter.com/treasuremenfess/status/1623498651816566784,
Thu Feb 09 01:11:36 +0000 2023,1623489761104269312,[ğŸ‰] Park Jeongwoo TREASURE menghadiri acara kelulusannya hari ini di School of Performing Arts Seoul (SOPA).  Selamat atas kelulusannya ğŸ˜ğŸ’™ OUR SOPASTAR JEONGWOO  Â©jeongwoogrammğŸ‘½ #HappyGradWOOation #íŠ¸ë©”ëª¨ë‘_ì •ìš°ì˜_ì¡¸ì—…ì¶•í•˜í•´  #ë°•ì •ìš° #PARKJEONGWOO #Supportygfamily_TREASURE https://t.co/gY3a92tHmP,85,19,1105,3559,in,1389028983203799040,1623489761104269312,supportygfamily,https://twitter.com/supportygfamily/status/1623489761104269312,
Thu Feb 09 01:09:06 +0000 2023,1623489130025074689,"-base yang hari ini lulus, seneng banget kayanyağŸ¥¹ğŸ˜­  anw, happy graduation park jeongwoo from treasure ğŸ¥³ğŸ¤ https://t.co/oHlogSz998",6,17,89,856,in,1210342758029807616,1623489130025074689,starfess,https://twitter.com/starfess/status/1623489130025074689,
Wed Feb 08 15:02:09 +0000 2023,1623336388077973504,Happy GradWOOation ğŸ˜ğŸ˜  âœ¨Giveaway Timeâœ¨  ğŸLightstick Official TREASURE / ğŸ’¸500K *untuk 1 Pemenang*  Syarat : ~Like &amp  RT  ~Follow tiktok aku https://t.co/MXLQYw3wq5 ~Follow @PJWclique  ~RT pinned @PJWclique ~koment min 3 kata buat Jeongwoo pake hashtag di bawah ya .   End Bsok https://t.co/w0jANCT6TP,16,4646,425,564,in,1343642219467603968,1623336388077973504,BunaaWoo,https://twitter.com/BunaaWoo/status/1623336388077973504,"PJWclique, PJWclique"
Wed Feb 08 12:48:56 +0000 2023,1623302863308079106,[TRANS] ğŸ¶ 080223  OP : menurut kamu gimana sama teume umur 3 tahun? dia bisa nyanyi semua lagunya treasure. tapi dia gangerti bahasa korea jadi manggilnya jihoon aja gak pake kak!  ğŸ¶ : lucu gemes pengen beliin makanan yang enak terus beliin apapun yang dipengenin https://t.co/gYeNXDwSvq,162,94,253,2706,in,1376469852479574020,1623302863308079106,teuverse_id,https://twitter.com/teuverse_id/status/1623302863308079106,
Wed Feb 08 12:25:01 +0000 2023,1623296844913872898,"-idol ini versi treasure, coba spill versi grup yg kalian stanğŸ˜­ğŸ˜­ https://t.co/fYURZ6jj9q",440,238,1984,25076,in,1210342758029807616,1623296844913872898,starfess,https://twitter.com/starfess/status/1623296844913872898,
Wed Feb 08 11:18:32 +0000 2023,1623280112501395458,seungkwan and hoshi instagram story with caption â€œtreasure jikjinâ€ and â€œnoegero jikjinâ€ ğŸ¥¹ https://t.co/GaZj8B4H72,69,7,606,2039,in,1523583204799938561,1623280112501395458,12solamifasol,https://twitter.com/12solamifasol/status/1623280112501395458,
Wed Feb 08 08:36:30 +0000 2023,1623239336564232193,"[TRANS] ğŸ¶ 080223  OP : aku nonton ulang treasure map dari episode pertama, seru banget. pas ini beli es krim lagi gak???  ğŸ¶ : @.choihyunsuk bang, pas ini emang beli lagi??  @treasuremembers https://t.co/xvtQmwgozt",36,41,123,1794,in,1376469852479574020,1623239336564232193,teuverse_id,https://twitter.com/teuverse_id/status/1623239336564232193,treasuremembers
Wed Feb 08 04:19:43 +0000 2023,1623174714964447234,the visual from jikjin erağŸ¤  #ASAHI #ì•„ì‚¬íˆ #TREASURE #íŠ¸ë ˆì € https://t.co/ZxaVyc6AZD,84,0,884,3963,in,1452156544624168960,1623174714964447234,ASAHIFEEDS,https://twitter.com/ASAHIFEEDS/status/1623174714964447234,
Wed Feb 08 04:00:30 +0000 2023,1623169877157761024,"[TRANS] ğŸ¨ 080223  Teume, kalian tidurnya nyenyak gak hari ini!? ğŸŒ  Semoga mimpi kalian indah dan semoga kalian bahagia hari ini!!! â™¥ï¸ Treasure sama Treasure Maker selalu dukung satu sama lain!?ğŸ”¥ğŸ”¥ğŸ”¥ğŸ˜  @treasuremembers https://t.co/nJZCS8Egmi",79,27,345,1583,in,1376469852479574020,1623169877157761024,teuverse_id,https://twitter.com/teuverse_id/status/1623169877157761024,treasuremembers
Mon Feb 06 13:13:55 +0000 2023,1622584375425798144,"Ruto : bagi pap woi Gue : wa woi ngajak gelud lo? nih pap Ruto : maaf ya ay, pap lgi dong, nnti dibeliin es krim Gue : aaaa mauu, oke ni Ruto: aw cantikk bgt bidadari gue &lt mengsalting&amp the end&gt  #TreasureMakerSelcaDay #TMSD #TeumeSelcaDay #HARUTO #í•˜ë£¨í†  #TREASURE @treasuremembers https://t.co/rOjCFS6RY2",2,121,326,412,in,890484224033144832,1622584375425798144,mrtrdyfh_,https://twitter.com/mrtrdyfh_/status/1622584375425798144,treasuremembers
Mon Feb 06 11:46:08 +0000 2023,1622562280486625280,[yg_treasure_tiktok] 230206  BAD BOY'S SELFIE ğŸ“¸ğŸº  ğŸ–‡ï¸ https://t.co/0UpquFAlc7  #TREASURE #íŠ¸ë ˆì € #ãƒˆãƒ¬ã‚¸ãƒ£ãƒ¼  @treasuremembers https://t.co/dy28dD46Wv,82,0,369,2413,in,1469253385312370690,1622562280486625280,trsrupdates,https://twitter.com/trsrupdates/status/1622562280486625280,treasuremembers
Mon Feb 06 03:17:45 +0000 2023,1622434343988912132,Hamada Asahi from Treasure   #ASAHI #ì•„ì‚¬íˆ #TREASURE #íŠ¸ë ˆì € https://t.co/rwLxuhBJ6S,76,8,1442,5323,in,1452156544624168960,1622434343988912132,ASAHIFEEDS,https://twitter.com/ASAHIFEEDS/status/1622434343988912132,
Sun Feb 05 15:53:31 +0000 2023,1622262150445305856,â€¼ï¸ GIVEAWAY TIMEâ€¼ï¸  Alhamdulillah karena tahun ini aku dikasih kesempatan buat nonton tds 2 &amp  treasure jakarta. jadi aku bakal giveaway saldo 50k &amp  tas pvc untuk 2 org pemenang ğŸ¤—â™¥ï¸  - CUKUP LIKE &amp  RT POSTINGAN INI - END TANGGAL 10 FEBRUARI  GOODLUCK SENGKUğŸ’ª https://t.co/AXATPkEGyw,6,377,1355,1298,in,1479852778541383682,1622262150445305856,wooswans,https://twitter.com/wooswans/status/1622262150445305856,
Sun Feb 05 15:48:54 +0000 2023,1622260987306070016,YG J-LINE ğŸ‡¯ğŸ‡µ   #BABYMONSTER #RUKA #ASA #TREASURE #YOSHI #HARUTO #ASAHI https://t.co/JFBAM38rRS,87,6,1584,5013,in,1444545494517051396,1622260987306070016,mybaemonster,https://twitter.com/mybaemonster/status/1622260987306070016,
Sun Feb 05 07:28:39 +0000 2023,1622135096206827520,[TRANS] ğŸ¶ 050223  OP : bayi-bayi ini vibenya kayak pas gede nanti jadi member treasure deh??  ğŸ¶ : pertemuan si botak sama si poni unik â˜€ï¸  @treasuremembers https://t.co/L7RGAYeKhR,409,229,638,4459,in,1376469852479574020,1622135096206827520,teuverse_id,https://twitter.com/teuverse_id/status/1622135096206827520,treasuremembers
Sun Feb 05 04:56:13 +0000 2023,1622096736255868928,"teume! salfok nomor di koper yoshi asahi, nomor absen member treasureğŸ˜‚ https://t.co/HQUq502yzI",75,84,262,4767,in,1271439514460753920,1622096736255868928,treasuremenfess,https://twitter.com/treasuremenfess/status/1622096736255868928,
Fri Feb 03 11:16:32 +0000 2023,1621467670024699905,Teume! Aku mau bikin thread walpaper treasure total ada 12 member kalo mau drop usn @ nya yaa ^^ https://t.co/nVfMW46zKV,26,1383,140,2110,in,1271439514460753920,1621467670024699905,treasuremenfess,https://twitter.com/treasuremenfess/status/1621467670024699905,
Fri Feb 03 10:47:56 +0000 2023,1621460473907671040,[yg_treasure_tiktok] 230203  junghwan: super king cow baby who plays alone ğŸ®ğŸ‘¶ğŸ»  ğŸ–‡ï¸ https://t.co/Lr6tBz9zr6  #TREASURE #íŠ¸ë ˆì € #ãƒˆãƒ¬ã‚¸ãƒ£ãƒ¼  @treasuremembers https://t.co/PXOMCGeg9J,117,0,558,3420,in,1469253385312370690,1621460473907671040,trsrupdates,https://twitter.com/trsrupdates/status/1621460473907671040,treasuremembers
Fri Feb 03 10:34:16 +0000 2023,1621457032967778304,[yg_treasure_tiktok] 230203  yoshi: if there are 2 yoshi..?? ğŸ¯ğŸ¯  ğŸ–‡ï¸ https://t.co/NRVaI3Dctu  #TREASURE #íŠ¸ë ˆì € #ãƒˆãƒ¬ã‚¸ãƒ£ãƒ¼  @treasuremembers https://t.co/csEsZWoHZq,91,0,535,3266,in,1469253385312370690,1621457032967778304,trsrupdates,https://twitter.com/trsrupdates/status/1621457032967778304,treasuremembers
Fri Feb 03 04:04:09 +0000 2023,1621358857825177601,"Malaysia ğŸ‡²ğŸ‡¾ TEUME, TREASURE is here!!!  ğŸ“…11.3.2023 (SAT)(6:00PM) ğŸŸMalawati Indoor Stadium, Shah Alam ğŸŸRM998, RM898, RM798, RM598, RM498, RM398 via https://t.co/dQdNXWl7dx by @imemalaysia  #íŠ¸ë ˆì € #TREASUREINKL #TREASUREINMY  https://t.co/lqBr7MbUS9",106,4,347,1296,in,166853059,1621358857825177601,MyKpopHuntress,https://twitter.com/MyKpopHuntress/status/1621358857825177601,imemalaysia
Thu Feb 02 13:31:16 +0000 2023,1621139188119912453,[yg_treasure_tiktok] 230202  I just wanna rock ğŸ‘½ğŸ†’ dc: CHOIHYUNSUK ğŸ¤˜  ğŸ–‡ï¸ https://t.co/1YHOymlq2r  #TREASURE #íŠ¸ë ˆì € #ãƒˆãƒ¬ã‚¸ãƒ£ãƒ¼  @treasuremembers https://t.co/JM6vLHBq5U,25,1,227,957,in,1469253385312370690,1621139188119912453,trsrupdates,https://twitter.com/trsrupdates/status/1621139188119912453,treasuremembers
Thu Feb 02 03:04:06 +0000 2023,1620981358431444992,ğŸ’90â€™s TEUME PROJECTğŸ’  TEU-HA! Menyambut #TREASURE Hello Asia Tour kami membuat event â€˜Dari 90â€™s TEUME untuk TEUMEâ€™ dan membuka PO untuk TOUR FANKIT yang profitnya akan digunakan untuk pendanaan upcoming project seperti event dan comeback @treasuremembers   #TREASURE_HELLOinJKT https://t.co/9EqeukXmGn,85,41,424,687,in,188217108,1620981358431444992,officialmeditia,https://twitter.com/officialmeditia/status/1620981358431444992,treasuremembers
Wed Feb 01 14:48:32 +0000 2023,1620796244275650563,@treasuremenfess Sender mnding u lgsng daftar jdi tim creative treasure,0,2,16,1577,in,1288332223435821056,1620784483786973185,prrmenkrret,https://twitter.com/prrmenkrret/status/1620796244275650563,treasuremenfess
Wed Feb 01 14:02:20 +0000 2023,1620784618793504769,@treasuremenfess ASTAGA [nangis] SENENG.. Nanti rasa cookiesnya mint ğŸ«‚,5,8,9,961,in,1465914652399915015,1620784483786973185,fairys_treasure,https://twitter.com/fairys_treasure/status/1620784618793504769,treasuremenfess
Tue Jan 31 16:53:23 +0000 2023,1620465276398743552,"-c- Berkat kakak kakak treasure aku bisa hidup.... aku sayang kamu ( tulisan di foto op Park jihoon nikah yuk"")  ğŸ¶: Kalo nikah mah ga mungkin maaf ya!  @treasuremembers https://t.co/eKA4tSmoQC""",275,72,100,894,in,1376469852479574020,1620465269553643521,teuverse_id,https://twitter.com/teuverse_id/status/1620465276398743552,treasuremembers
Tue Jan 31 16:53:21 +0000 2023,1620465269553643521,"[TRANS] ğŸ¶ 310123  OP: Kak, aku tadinya sedih dan depresi banget, banyak hal berat sampe akhirnya aku pergi ke konser,  abis ketemu treasure aku bisa jadi bahagia banget. Makasih banget. Makasih udah buat aku bahagia.   -c-  @treasuremembers https://t.co/PQ4Lh45yDg",29,43,90,1278,in,1376469852479574020,1620465269553643521,teuverse_id,https://twitter.com/teuverse_id/status/1620465269553643521,treasuremembers
Tue Jan 31 14:21:26 +0000 2023,1620427037025636358,Jadi pas di GDA ternyata Enhypen sama Treasure satu waiting room ğŸ¥¹ walaupun gaada selca yang penting udah tau kalau mereka pernah interaksi kayak gini ğŸ˜­ğŸ™ jiwa teumengene ku teriaaakk -hi https://t.co/U0R4XB1e1n,86,62,82,1078,in,1210342758029807616,1620427037025636358,starfess,https://twitter.com/starfess/status/1620427037025636358,
Tue Jan 31 12:56:08 +0000 2023,1620405572226146305,teume! (treasure ver) kalian manggil bias kalian apa nih? https://t.co/4Fp8bRIZwJ,473,1055,122,2909,in,1271439514460753920,1620405572226146305,treasuremenfess,https://twitter.com/treasuremenfess/status/1620405572226146305,
Tue Jan 31 12:33:30 +0000 2023,1620399875191078912,[yg_treasure_tiktok] 230131  ğŸŒ¸ jaehyuk guide ğŸŒ¸ Kyocera Dome stage tour âœ¨  ğŸ–‡ï¸ https://t.co/GZUMjaI46n  #TREASURE #íŠ¸ë ˆì € #ãƒˆãƒ¬ã‚¸ãƒ£ãƒ¼  @treasuremembers https://t.co/XNtuos2lsF,82,0,825,4730,in,1469253385312370690,1620399875191078912,trsrupdates,https://twitter.com/trsrupdates/status/1620399875191078912,treasuremembers
Tue Jan 31 04:20:39 +0000 2023,1620275847180730370,Teume! Jadi Mashiho balik korea bareng treasure??ğŸ˜­ğŸ«£ğŸ¤¡ https://t.co/opHhbmtljy,392,515,429,5962,in,1271439514460753920,1620275847180730370,treasuremenfess,https://twitter.com/treasuremenfess/status/1620275847180730370,
Tue Jan 31 03:16:40 +0000 2023,1620259744262033411,"-hi calling all teume, coba dong rekomen 1 lagu b-side treasure yang harus banget didenger????? https://t.co/42S9l62shR",144,976,134,1727,in,1210342758029807616,1620259744262033411,starfess,https://twitter.com/starfess/status/1620259744262033411,
Mon Jan 30 00:27:40 +0000 2023,1619854824975253508,Teume! Ini termasuk rekor ga sih ğŸ˜­ Penonton dgn jumlah terbesar untuk grup korea di first tour nya ğŸ¥º Treasure! bangga bgt sama kalian surr!!  cr. tochu_sports https://t.co/dqwWM2MfeZ,11,25,157,1138,in,1271439514460753920,1619854824975253508,treasuremenfess,https://twitter.com/treasuremenfess/status/1619854824975253508,
Sun Jan 29 11:52:36 +0000 2023,1619664808273649667,"-hey bangga bgt sama Treasure,grup umur 2 thn bisa konser di Kyocera dome Osaka 2 hari ,mana ada kereta nya juga ğŸ¥° https://t.co/mXnA4G6SmY",68,120,835,4333,in,1210342758029807616,1619664808273649667,starfess,https://twitter.com/starfess/status/1619664808273649667,
Sun Jan 29 10:52:25 +0000 2023,1619649660804816898,@treasuremenfess Walau 10 nama yg terpampang tp 2 diamond itu seakan ngebuktiin kalo treasure akan selalu 12 :),0,0,41,1414,in,1602522769409060864,1619646325011943424,corioussscat,https://twitter.com/corioussscat/status/1619649660804816898,treasuremenfess
Sun Jan 29 10:29:04 +0000 2023,1619643784677199872,au/wp treasure yang sudah dijadikan novel  â€” a thread https://t.co/zdXknO2tXJ,40,9,602,2346,in,1458102258294525961,1619643784677199872,sweetcandyss_,https://twitter.com/sweetcandyss_/status/1619643784677199872,
Sun Jan 29 08:55:05 +0000 2023,1619620132011266049,Teume! YANG BANGGA SAMA TREASURE ANGKAT TANGANNN!!!! ğŸ™‹â€â™€ï¸ğŸ™‹â€â™€ï¸ğŸ™‹â€â™€ï¸ğŸ™‹â€â™€ï¸ğŸ™‹â€â™€ï¸ğŸ’•ğŸ’•ğŸ’•ğŸ’•ğŸ’•ğŸ’—ğŸ’—ğŸ’—ğŸ’—,79,246,375,2045,tl,1271439514460753920,1619620132011266049,treasuremenfess,https://twitter.com/treasuremenfess/status/1619620132011266049,
Sun Jan 29 08:34:23 +0000 2023,1619614921788100608,"teume! gak kebayang berat yang dipikul hyunsuk sama jihoon seberat apa sebagai leader, 2022 pasti berat banget buat treasure. Semangat sur!! Kita hadapi 2023 bersama yağŸ˜­ğŸ˜­ğŸ˜­  https://t.co/cLyf2iI6dD",60,25,385,1676,in,1271439514460753920,1619614921788100608,treasuremenfess,https://twitter.com/treasuremenfess/status/1619614921788100608,
Sun Jan 29 07:13:02 +0000 2023,1619594450606637056,"Kim Junkyu of Treasure sebagai idol pertama kpop dalam sejarah yang kentut di kyocera dome, give applause teume! â˜ºï¸ğŸ¤  https://t.co/VidepV2w5O",37,36,250,1393,in,1271439514460753920,1619594450606637056,treasuremenfess,https://twitter.com/treasuremenfess/status/1619594450606637056,
Sat Jan 28 14:52:31 +0000 2023,1619347696187506688,Buwis buhay pagkuha ng vid..ğŸ˜…ğŸ˜…  #treasure @treasuremembers https://t.co/RLUjr8mtPi,7,1,267,960,tl,4224190333,1619347696187506688,JerviaMae,https://twitter.com/JerviaMae/status/1619347696187506688,treasuremembers
Sat Jan 28 13:38:38 +0000 2023,1619329102003175433,"[TRANS] ğŸ¯ 280123  Aku gak nangis, cuma hampir nangis aja ğŸ˜¤ Tapi aku terharu banget, makasih banyak ğŸ’– Aku sayang Treasure Makers di seluruh dunia ğŸ’•  @treasuremembers https://t.co/roGPH6p44x",89,46,371,1753,in,1376469852479574020,1619329102003175433,teuverse_id,https://twitter.com/teuverse_id/status/1619329102003175433,treasuremembers
Sat Jan 28 12:42:08 +0000 2023,1619314884147294208,230128 HELLO KYOCERA   #íŠ¸ë ˆì € #TREASURE #ãƒˆãƒ¬ã‚¸ãƒ£ãƒ¼  #ìµœí˜„ì„ #CHOIHYUNSUK #ãƒ’ãƒ§ãƒ³ã‚½ã‚¯ https://t.co/E4BQmvLbaR,57,1,1094,2941,in,873912356127952897,1619314884147294208,7chill_babu,https://twitter.com/7chill_babu/status/1619314884147294208,
Sat Jan 28 11:21:12 +0000 2023,1619294516854521856,Teume! Treasure Hello concert in Osaka kali ini beneran real âœ¨ special âœ¨ pake banget ğŸ˜­ğŸ˜­â™¥ï¸  Cr @/mashiwoo__ https://t.co/QKCnAPyfdf,52,30,185,1265,in,1271439514460753920,1619294516854521856,treasuremenfess,https://twitter.com/treasuremenfess/status/1619294516854521856,
Sat Jan 28 10:00:53 +0000 2023,1619274306307112964,[yg_treasure_tiktok] 230128  ((ğŸ¦”ğŸ¯ğŸ¤–ğŸ°ğŸ¦ğŸº))  ğŸ–‡ï¸ https://t.co/4wn7BXdurN  #TREASURE #íŠ¸ë ˆì € #ãƒˆãƒ¬ã‚¸ãƒ£ãƒ¼  @treasuremembers https://t.co/Vxjq7owPlp,21,0,295,904,in,1469253385312370690,1619274306307112964,trsrupdates,https://twitter.com/trsrupdates/status/1619274306307112964,treasuremembers
Sat Jan 28 03:36:12 +0000 2023,1619177493717745664,"TEUME! TAU GAK setelah berabad2 japan tour treasure tampil tanpa back dancer, di osaka nanti mereka bakal tampil bareng bersama dancers teamnya, trs teulight bakal nyambung ama konser, dan pastinya live band. BAYANGIN BAKAL SEKEREN APA NANTI ğŸ˜­ğŸ˜­ğŸ˜­ https://t.co/GoKgHYRq6d",109,66,194,1690,in,1271439514460753920,1619177493717745664,treasuremenfess,https://twitter.com/treasuremenfess/status/1619177493717745664,
Fri Jan 27 06:02:09 +0000 2023,1618851838488616961,Penjelasan tentang karakter dan power TREASURE di game Pucca Puzzle Adventure. Note  semua member TREASURE adalah karakter Legendary dengan mahkota kuning.  A thread ,4,3,206,890,in,1436365252539523073,1618851838488616961,yoxinebula,https://twitter.com/yoxinebula/status/1618851838488616961,
Fri Jan 27 06:00:32 +0000 2023,1618851428503617539,TOP 100 â€“ K-POP LEADERS  #1 RM (#BTS) #2 Leeteuk (#SuperJunior) #3 Bang Chan (#StrayKids) #4 S.Coups (#SEVENTEEN) #5 Gunmin (#BIG) #6 Hyunsuk (#TREASURE) #7 Soobin (#TXT) #8 Jihoon (#TREASURE) #9 Hyebin (#MOMOLAND) #10 JinJin (#ASTRO)  ğŸ‘‰ VOTE: https://t.co/iFFhXFivDw,116,350,532,1209,in,1476599262490284039,1618851428503617539,TOP100KPOP,https://twitter.com/TOP100KPOP/status/1618851428503617539,
Fri Jan 27 05:01:40 +0000 2023,1618836614373076993,Rame banget bg jangan lupa stan Treasure. https://t.co/qUeWZN5ewL,12,2,92,878,in,759426190050365440,1618550838859034625,ninggbao,https://twitter.com/ninggbao/status/1618836614373076993,
Thu Jan 26 16:15:08 +0000 2023,1618643712002916352,teume! bias kalian di treasure dulu sama sekarang beda gak? https://t.co/YVaHtfJ2sl,272,827,186,3366,in,1271439514460753920,1618643712002916352,treasuremenfess,https://twitter.com/treasuremenfess/status/1618643712002916352,
Thu Jan 26 08:31:51 +0000 2023,1618527124113215489,Sampe lupaâ€¦.  Iniiiii di Saitama guysâ€¦ liat ga klo disini fans masing2 bawa kertas??? Ya Emang ga ada hand bannerâ€¦ Trus jadi ga meriah? Ya engga.. Karena apa? Itu tulisan di kertas smua nya buat Treasure dan macem2 kata2nyaâ€¦ https://t.co/pukhf29yAg,39,13,181,831,in,114125260,1618527124113215489,Rena_NR,https://twitter.com/Rena_NR/status/1618527124113215489,
Wed Jan 25 15:49:17 +0000 2023,1618274819526787075,"@tanyakanrl Gatau dehh, gua taunya cuma ini aja. Treasure J alias treasure jamet ğŸ™ https://t.co/dNBQpfkDEg",204,77,361,3581,in,1596275656173977600,1618136591310151681,ibigvvin,https://twitter.com/ibigvvin/status/1618274819526787075,tanyakanrl
Wed Jan 25 10:19:58 +0000 2023,1618191943472926721,"-idol guys yoshi ini yang paling â€˜normalâ€™ kah di treasure? Soalnya sering liat kalo member lain lagi chaos, dia paling kalem sendiriii https://t.co/I8xdYuIDvp",198,331,334,5907,in,1210342758029807616,1618191943472926721,starfess,https://twitter.com/starfess/status/1618191943472926721,
Wed Jan 25 10:06:19 +0000 2023,1618188508237299714,[yg_treasure_tiktok] 230125  Junkyu is a masterpiece ğŸŒ‹  ğŸ–‡ï¸ https://t.co/CUNRTbgiP8  #TREASURE #íŠ¸ë ˆì € #ãƒˆãƒ¬ã‚¸ãƒ£ãƒ¼  @treasuremembers https://t.co/LpnZOnD9XR,58,0,395,1689,in,1469253385312370690,1618188508237299714,trsrupdates,https://twitter.com/trsrupdates/status/1618188508237299714,treasuremembers
Tue Jan 24 09:00:25 +0000 2023,1617809534441099270,treasure outfit ideasğŸ§¤ğŸ§ğŸ¨ â€œbisa dipakai buat konser nantiiâ€  -Ë‹Ë à¼» a thread à¼º ËËŠ- https://t.co/8IpHhLIi2o,15,2,219,1119,in,1458102258294525961,1617809534441099270,sweetcandyss_,https://twitter.com/sweetcandyss_/status/1617809534441099270,
Mon Jan 23 12:09:36 +0000 2023,1617494758963961857,"â—ï¸A THREAD PENIPU â—ï¸  buat kalian yg mau konser di daerah ice bsd hatiâ€™ buat milih tempat penginapan  t. tds 2, treasure dll",14,7,593,712,in,1491457212870717442,1617494758963961857,jjsnolee,https://twitter.com/jjsnolee/status/1617494758963961857,
Mon Jan 23 06:44:35 +0000 2023,1617412965506088961,ğŸ GIVEAWAY TIME ğŸ’  karena kmrn dec ketemu &amp  bsk maret (insya Allah) ketemu lg sm treasure jd mau bagi2 giveaway utk 2 teume INA: 1.) totebag  2.) clear file + pc  dari pop up store jp  âœ¨rt &amp  like tweet ini âœ¨ga usah followww âœ¨end 29 jan â€˜23  gluck!!! https://t.co/2agiGFfI8p,2,172,462,488,in,49236848,1617412965506088961,beautlights,https://twitter.com/beautlights/status/1617412965506088961,
Mon Jan 23 05:21:28 +0000 2023,1617392048709201921,@starfess IDOL ASLI KOREA ITU NDERRRğŸ˜­ğŸ˜­ park jeongwoo treasure.. dia ga beneran ngomong j word kokğŸ˜­ğŸ™ğŸ»ğŸ™ğŸ»,0,1,4,963,in,1316689125622210560,1617391718340661249,kyunyu_uwu,https://twitter.com/kyunyu_uwu/status/1617392048709201921,starfess
Sun Jan 22 23:21:39 +0000 2023,1617301495204151298,"@/ticketing_official di instagram ig penipu, scammerâ€¼ï¸ jangan jastip disitu yaa hati2 sijeuni teumeâ€¼ï¸  t. wtb wts ticket tiket hello treasure the dream show tds 2 jkt jakarta https://t.co/3I4BwLVSDo",50,88,1048,1072,in,1144410512001683457,1617301495204151298,lowkeydees,https://twitter.com/lowkeydees/status/1617301495204151298,
Sun Jan 22 12:02:21 +0000 2023,1617130546160893952,"MINI GIVEAWAY FOR TEUME ONLYğŸ’  berhubung aku kemaren dapet tiket treasure, aku mau giveaway saldo spay receh 25k buat 4 orang ğŸ™Œ  syaratnya:  ğŸ“Œrt dan like tweet ini aja, mau sekalian mutualan juga bolee  end? 23 januari, jam 18.00 good luckğŸ’•",0,125,374,380,in,1298791062731800578,1617130546160893952,uwoonoonaa,https://twitter.com/uwoonoonaa/status/1617130546160893952,
Sat Jan 21 12:45:17 +0000 2023,1616778963086643202,YG JAPON LINE #TREASURE #BABYMONSTER https://t.co/AKKb3A0GRA,86,6,441,1453,in,1516854527256899594,1616778963086643202,baemoncoming,https://twitter.com/baemoncoming/status/1616778963086643202,
Sat Jan 21 06:09:53 +0000 2023,1616679457259159553,[TRANS] ğŸ¶ 210123  OP : kakak masih main skateboard gak sekarang?? penasaran soalnya terakhir liat di 3 min treasure 2 tahun lalu!!  ğŸ¶ : udah ilang feelnya jadi gak main lagi ^_^ â€¦  @treasuremembers https://t.co/oVUamzvaAY,135,46,133,1045,in,1376469852479574020,1616679457259159553,teuverse_id,https://twitter.com/teuverse_id/status/1616679457259159553,treasuremembers
Sat Jan 21 04:52:39 +0000 2023,1616660020112011265,[UPDATE] ğŸ’ 210123  Pesan Tahun Baru Imlek dari Treasure  ğŸ¦”ğŸ¶ [1/5] @treasuremembers https://t.co/XAQMM272f3,53,2,367,1270,in,1376469852479574020,1616660020112011265,teuverse_id,https://twitter.com/teuverse_id/status/1616660020112011265,treasuremembers
Fri Jan 20 00:04:57 +0000 2023,1616225229260611585,TEUME! Karena aku dapet tiket konser treasureğŸ˜­ Aku mau giveaway saldo spay 150k spay buat 3 orang (50k/each)   RULES :  â€¢ Teume only â€¢ Follow and rt/like â€¢ Rep foto bias kalian  End? TBA. goodluck!ğŸ¥° https://t.co/SfTyy0jgiy,0,345,340,441,in,1350011190282313729,1616225229260611585,vaachskies,https://twitter.com/vaachskies/status/1616225229260611585,
Thu Jan 19 11:45:23 +0000 2023,1616039110338306048,"Teume! let's trust to our boys so stop buat berpikiran yg engga yaa, kata dobby juga treasure always by our side â¤ https://t.co/SEAqPlk2H6""",7,4,96,605,in,1271439514460753920,1616039110338306048,treasuremenfess,https://twitter.com/treasuremenfess/status/1616039110338306048,
Thu Jan 19 11:15:21 +0000 2023,1616031553087471616,Teume! Mari kita aamiinkan harapan2 treasure di tahun 2023 ini ğŸ«¶ğŸ» https://t.co/QhPK7hksfR,44,42,243,1249,in,1271439514460753920,1616031553087471616,treasuremenfess,https://twitter.com/treasuremenfess/status/1616031553087471616,
Thu Jan 19 10:58:26 +0000 2023,1616027294644187136,CANTIKNYA PHYSICAL TICKET GLOSSY CAMNI ğŸ˜­âœ¨ kena simpan kenangan first concert Treasure kat KL ğŸ˜­âœ¨ #TREASUREinKL https://t.co/5Ih6IIfvI6,44,7,122,590,in,802521368,1616027294644187136,azie_abdan,https://twitter.com/azie_abdan/status/1616027294644187136,
Thu Jan 19 03:00:30 +0000 2023,1615907021412306945,TOP 100 â€“ K-POP LEADERS (NOMINEES)  Hongjoong (#ATEEZ) Hui (#PENTAGON) Huihyeon (#DIA) Hyebin (#MOMOLAND) Hyojin (#ONF) Hyojung (#OHMYGIRL) Hyunsuk (#TREASURE) Irene (#RedVelvet) Jaehan (#OMEGAX) Jay B (#GOT7)  ğŸ‘‰ VOTE: https://t.co/iFFhXFivDw https://t.co/UUKe23Ukly,229,158,915,2367,in,1476599262490284039,1615907021412306945,TOP100KPOP,https://twitter.com/TOP100KPOP/status/1615907021412306945,
Wed Jan 18 16:21:40 +0000 2023,1615746252607754246,nefer forget member treasure dibash krn bilang dia ga suka takemichy anjgggggggggggg paaaak bangun paaak pak shinichirooo pimpin negri ini lg paaakk,364,3,81,1091,in,180348499,1615743071999897600,farmir,https://twitter.com/farmir/status/1615746252607754246,
Wed Jan 18 14:20:18 +0000 2023,1615715711762182144,MINI GIVEAWAY ğŸ’  gaes karena aku dapet tiket nonton treasure aku mau giveaway saldo receh 30K spay buat 2 orang (15k/each) ğŸ™Œ  syaratnya:  ğŸ“Œrt dan like tweet ini aja   end? TBA. https://t.co/L1BmiQSzso,1,90,454,471,in,835604519161593857,1615715711762182144,freakinroad,https://twitter.com/freakinroad/status/1615715711762182144,
Wed Jan 18 12:07:36 +0000 2023,1615682315648393218,"[GIVEAWAY] Pvc bag Treasure utk 2 pemenang  PLEASE RT &amp  LIKE   Pvc Bag 2n1 By Jungiekhouse  Ada zipper, Pouch bs di lepas  Free tambah nama + pin  Size kurang dari a4 , muat utk Lightstick    Order : https://t.co/wmxjwBukah  #TREASURE_HELLOinJKT  #TREASURE #TOUR #HELLO #JAKARTA https://t.co/1pTXVHTOt4",6,281,683,834,in,115880477,1615682315648393218,meandoppa,https://twitter.com/meandoppa/status/1615682315648393218,
Wed Jan 18 10:33:46 +0000 2023,1615658701679132672,[yg_treasure_tiktok] 230118  UH ğŸ—£ï¸ğŸ—£ï¸ğŸ—£ï¸  ğŸ–‡ï¸ https://t.co/8SId2E6YMF  #TREASURE #íŠ¸ë ˆì € #ãƒˆãƒ¬ã‚¸ãƒ£ãƒ¼  @treasuremembers https://t.co/GnDQEh3MwW,39,0,311,876,in,1469253385312370690,1615658701679132672,trsrupdates,https://twitter.com/trsrupdates/status/1615658701679132672,treasuremembers
Tue Jan 17 15:07:19 +0000 2023,1615365154019115008,221210 [SHI2022 JAKARTA]  ğŸ¶ğŸ“¹ : ğ˜½ğ™Šğ™” Full : https://t.co/p4xgMRDoKI  #ìœ¤ì¬í˜ #YOONJAEHYUK #ã‚¸ã‚§ãƒ’ãƒ§ã‚¯ #å°¹æèµ«Â #íŠ¸ë ˆì € #TREASURE https://t.co/0zpggiMiRa,19,0,327,1296,en,1293696056094466048,1615365154019115008,723Hertz_JH,https://twitter.com/723Hertz_JH/status/1615365154019115008,
Tue Jan 17 15:03:28 +0000 2023,1615364187445923841,YG bertekad untuk membesarkan TREASURE &amp  BAEMON. TREASURE dipegang ditangan kanan &amp  BAEMON berada ditangan kiri. Dengan arahan produser Yang Hyunsuk. Dengan cara yang lebih baik dan lebih indah lagi.  Harapan mereka meningkat secara vertikal karena Yang Hyunsuk PD Eksekutif https://t.co/XaJsJC7YOG,150,38,799,4985,in,1249610344764325888,1615364187445923841,hartatreasure,https://twitter.com/hartatreasure/status/1615364187445923841,
Tue Jan 17 13:15:06 +0000 2023,1615336914135175168,â›” Thread Scammer Treasure Concert Hello tour in Jakartaâ€¼ï¸ PART 2 â€¼ï¸ HELP RT/Likes!!   Udh bnyk yg kena scam treasure hello concert in Jakarta aku buat part 2 krn part 1 nya udh panjang bgt dan bbrp mungkin udh males scroll saking panjangnya. Klo kalian liat/korban repp ajağŸ‘‡ğŸ»,11,11,497,498,in,1431666504949387268,1615336914135175168,seziyuuq,https://twitter.com/seziyuuq/status/1615336914135175168,
Tue Jan 17 10:43:00 +0000 2023,1615298636375805952,"HALLO-HALLO KALO LEWAT DI TL KALIAN BOLEH MAMPUR BACA DLU YUK ğŸ˜€  Aku abis kena scam sama orang yang hebat banget banget mulus bgt scamnya, tp ya ini salah aku juga karena sih aku buru buru belinya takut ga bisa nonton treasure huhu, tapi yasudah ikhlasin aja itung itung berdana",128,48,1402,2486,in,1452550512608309250,1615298636375805952,hygggee,https://twitter.com/hygggee/status/1615298636375805952,
Tue Jan 17 02:52:23 +0000 2023,1615180203411795969,"HELP RT!  mau giveaway saldo spay 50k buat 1 winner, kalo aku InsyaAllah bisa dapet tiket treasure (Hello in Jakarta)   Rules : rt + likes End : besok jam 10.00  Minta doa sekalian aja ya biar aku beneran bisa nonton (dapet tiket dan restu). ğŸ¥ºğŸ™ğŸ»",0,299,742,757,in,1509136849717006340,1615180203411795969,sygkyuto,https://twitter.com/sygkyuto/status/1615180203411795969,
Mon Jan 16 10:47:00 +0000 2023,1614937255927500808,SCAM TIKET TREASURE PLEASE BE AWARE â—â—  082172162236  nawarin tiket tapi harus tf dulu baru ksih proof. Pas aku bilang ga jadi malah neror ğŸ˜¤ https://t.co/RIoowsVOwE,60,48,1309,1698,in,1251131062396129280,1614937255927500808,skiesllaaaaaa,https://twitter.com/skiesllaaaaaa/status/1614937255927500808,
Mon Jan 16 09:46:33 +0000 2023,1614922044575191041,"[yg_treasure_tiktok] 230116  teume january issue, jaehyuk edition released..! ğŸ“¸  ğŸ–‡ï¸ https://t.co/erHkAS9wAo  #TREASURE #íŠ¸ë ˆì € #ãƒˆãƒ¬ã‚¸ãƒ£ãƒ¼  @treasuremembers https://t.co/wxKCjJpsg7",83,0,351,1116,in,1469253385312370690,1614922044575191041,trsrupdates,https://twitter.com/trsrupdates/status/1614922044575191041,treasuremembers
Mon Jan 16 09:26:14 +0000 2023,1614916931177549829,"teume! lucuuu bangett, ga kerasa sekarang bontot nya waiji yaitu Treasure uda besarr ğŸ˜­ğŸ«¶ğŸ». soon Treasure bakal jadii abang yang punya 2 adek. hyung ~ oppa ~ Treasure sunbaenim ğŸ˜­ (Titipan) https://t.co/O8eitrclyc",17,17,98,1154,in,1271439514460753920,1614916931177549829,treasuremenfess,https://twitter.com/treasuremenfess/status/1614916931177549829,
Mon Jan 16 08:47:45 +0000 2023,1614907244780605440,â›” Thread Scammer Treasure Concert Hello tour in Jakartaâ€¼ï¸  HELP RT/Likes!!  Ini lapak buat kalian nanti kalau semisal ada yg kena scam boleh di repp aja yaa ğŸ‘‡ğŸ»,194,55,2079,2638,in,1431666504949387268,1614907244780605440,seziyuuq,https://twitter.com/seziyuuq/status/1614907244780605440,
Mon Jan 16 08:24:22 +0000 2023,1614901359379374082,SOUNDCHECK DAN SEND OFF GAK BISA DIPINDAHTANGANKAN APAPUN ALASANNYA PLEASE BEWARE OF SCAMMER!!!!!   tag wts wtb tiket hello tour jakarta treasure,9,15,427,695,in,946470438309322757,1614901359379374082,0421fm,https://twitter.com/0421fm/status/1614901359379374082,
Mon Jan 16 07:48:21 +0000 2023,1614892296679600128,"GUYS SUMPAH KALIAN YG NEMU WTS AN TIKET KONSER TREASURE YANG SOUNDCHECK ATAU SEND OFF JANGAN PERCAYA YAA, SOALNYA ITU GAK BISA PINDAH TANGAN",119,41,2034,5324,in,1501099924187799552,1614892296679600128,kdysuns,https://twitter.com/kdysuns/status/1614892296679600128,
Sun Jan 15 15:05:37 +0000 2023,1614639949864931331,"Teume! I just wanna sa MAKASIH BANYAK BUAT TEUME YANG UDAH BERJUANG BUAT TREASURE DI SMA TAHUN INI HASIL AKHIRNYA KITA ADA DI POSISI 8ğŸ‘ iya tahu tahun ini berat banget ngevotenya karena hypenya kurang : tapi kalian yang bertahan nyampe akhir keren banget pokoknya  (cont..) https://t.co/0sW8FuArti""",9,40,140,663,in,1271439514460753920,1614639949864931331,treasuremenfess,https://twitter.com/treasuremenfess/status/1614639949864931331,
Sun Jan 15 09:03:47 +0000 2023,1614548891822878722,Barang-barang yang mungkin dibutuhkan saat nonton konser Treasure edition (âœ¿^â€¿^)  â€â”†A  Thread â”†â€ https://t.co/MJ1SgeBndf,34,6,181,744,in,1547645765433974785,1614548891822878722,jeongkyuverse,https://twitter.com/jeongkyuverse/status/1614548891822878722,
Sat Jan 14 15:54:14 +0000 2023,1614289799543939072,-hey ini tuh 00L nya treasure yaa? https://t.co/vZRE9aMOPT,105,186,60,1128,in,1210342758029807616,1614289799543939072,starfess,https://twitter.com/starfess/status/1614289799543939072,
Sat Jan 14 10:45:52 +0000 2023,1614212193339453440,Wihhhh shotaro sama Yoshi treasure beneran BESTie guysğŸ¤ğŸ¤ğŸ¤ nct! https://t.co/3XTlD09dTs,25,18,93,869,in,1275010241017462784,1614212193339453440,nct_menfess,https://twitter.com/nct_menfess/status/1614212193339453440,
Sat Jan 14 01:44:59 +0000 2023,1614076076212490241,"[GIVEAWAY TIME] Lightstick NCT &amp  Treasure  Siapa yg siap konser TDS2 &amp  Hello Jakarta? Cheers mau bagi2 ls nih!   Rules: ğŸ’•Follow Twitter @chimchimchingu &amp  IG https://t.co/LoHNTGwWQS ğŸ’•Like &amp  RT tweet ini ğŸ’•Comment mau ls apa, wish, ss bukti follow, sertakan #GiveawayCheersforyou https://t.co/iubfdNGuWt",12,542,489,651,in,946945793952329730,1614076076212490241,chimchimchingu,https://twitter.com/chimchimchingu/status/1614076076212490241,chimchimchingu
Fri Jan 13 07:01:01 +0000 2023,1613793219766292481,#wofiebear  â€”mengejar gadis 12 ipa 2  treasure maknae line ft minji newjeans few tweet au https://t.co/SC6LoxFnsP,49,13,464,2299,in,1530822580172509185,1613793219766292481,pharamaexs,https://twitter.com/pharamaexs/status/1613793219766292481,
Fri Jan 13 03:25:51 +0000 2023,1613739071062540288,-hi kalo ketemu treasure mau fotbar sama siapa? https://t.co/XUNQ6OkX1i,254,1040,109,1768,in,1210342758029807616,1613739071062540288,starfess,https://twitter.com/starfess/status/1613739071062540288,
Thu Jan 12 12:02:57 +0000 2023,1613506815710621697,[230112] Hyunsuk  #TREASURE #íŠ¸ë ˆì € #CHOIHYUNSUK @treasuremembers https://t.co/h8QpkO4vJF,35,3,370,1377,in,1281373506492563458,1613506815710621697,TRSYGHD,https://twitter.com/TRSYGHD/status/1613506815710621697,treasuremembers
Thu Jan 12 09:06:49 +0000 2023,1613462493212598274,"[TRANS] ğŸ° 120123  OP : doyoung, mulai sekarang aku mau nurunin berat badan sambil dance. lagu treasure apa yang paling oke buat nurunin berat badan  ğŸ° : koreo buat diet itu ILY! ğŸ° : koreo MMM buat latihan kekuatan otot ğŸ° : koreo hello buat latihan kekuatan stamina! https://t.co/u6I204TMtW",57,22,141,1176,in,1376469852479574020,1613462493212598274,teuverse_id,https://twitter.com/teuverse_id/status/1613462493212598274,
Thu Jan 12 05:43:59 +0000 2023,1613411446733574145,KATA KATA MOTIVASI DARI MEMBER TREASURE  a thread by teume! : https://t.co/VQSwo3JTZm,16,17,349,2452,in,1271439514460753920,1613411446733574145,treasuremenfess,https://twitter.com/treasuremenfess/status/1613411446733574145,
Wed Jan 11 10:06:43 +0000 2023,1613115180069814272,"-hey side profile yang menurut sender asdfghjkl gak ngotak damage nya from Asahi TreasureğŸ˜”ğŸ˜­, menurut kalian side profile yang asdfghjkl kalian siapa? https://t.co/1dtxCRL3wv",47,124,138,1932,in,1210342758029807616,1613115180069814272,starfess,https://twitter.com/starfess/status/1613115180069814272,
Tue Jan 10 16:43:13 +0000 2023,1612852573538783232,"Hal2 yg perlu gue tanemin baik2 dalam otak dan hati sblm konser treasure :  1. GAK BOLEH IRI SM ORG LAIN Pasti bkln ada aja lucky fans nth dpt tiket murah, bs depan member, bs dinotice dll. Dan gw gaboleh iri!!!  2. INGET GW MO NNTN MRK BKN MAU DINOTICE Jd gblh kelabakan",23,7,225,762,in,1381100158159482881,1612852573538783232,risneyyy28,https://twitter.com/risneyyy28/status/1612852573538783232,
Tue Jan 10 10:50:49 +0000 2023,1612763889346961409,Teume! Tinggi 150cm an + ngambil oren nanti pas konser treasure kita kita ini ngumpul dibelakang gini aja yukğŸ˜­  https://t.co/8FaJrSOHIS,76,112,125,1655,in,1271439514460753920,1612763889346961409,treasuremenfess,https://twitter.com/treasuremenfess/status/1612763889346961409,
Tue Jan 10 09:41:03 +0000 2023,1612746333437456384,"-hey TREASURE x SEVENTEEN WOYYYYğŸ˜­ğŸ˜­ INI KAN YG KALIAN MAU CARAT+TEUME, MWEHEHEHğŸ«¶ğŸ» https://t.co/zSceDFv8RP",338,373,750,9547,in,1210342758029807616,1612746333437456384,starfess,https://twitter.com/starfess/status/1612746333437456384,
Tue Jan 10 09:29:08 +0000 2023,1612743333679607808,[yg_treasure_tiktok] 230110  DARARI CHALLENGE ğŸ¶ with Jay Park  ğŸ–‡ï¸ https://t.co/HCX0PEQRHI  #TREASURE #íŠ¸ë ˆì € #ãƒˆãƒ¬ã‚¸ãƒ£ãƒ¼  @treasuremembers https://t.co/IHHEPX3JUY,44,0,281,796,in,1469253385312370690,1612743333679607808,trsrupdates,https://twitter.com/trsrupdates/status/1612743333679607808,treasuremembers
Tue Jan 10 03:18:35 +0000 2023,1612650081853018117,AKALA KO BA NUGU GROUP TONG TREASURE TANGINANG YAN â‚±19.5k PA NGA.,114,7,534,1980,tl,310010846,1612650081853018117,amicahantonioo,https://twitter.com/amicahantonioo/status/1612650081853018117,
Tue Jan 10 03:16:48 +0000 2023,1612649633536446464,"[EVENT] 2023 TREASURE TOUR [HELLO] IN KUALA LUMPUR by @imemalaysia  ğŸ“†: 11th March 2023 (Saturday) ğŸ••: 6PM ğŸŸï¸: Malawati Indoor Stadium, Shah Alam, Selangor. ğŸŸï¸: https://t.co/ODSKCVQKG1  #íŠ¸ë ˆì € #TREASURE #HELLO #TREASUREinMY #TREASUREinKL #HELLOinMY #HELLOinKL https://t.co/Y5k8LtWZdT",238,21,420,930,in,1003914344,1612649633536446464,msiakpopfans,https://twitter.com/msiakpopfans/status/1612649633536446464,imemalaysia
Mon Jan 09 12:03:23 +0000 2023,1612419763678097412,"TEUME! INI RILL NGAKAK BGT, TREASURE ON WEVERSE BILAIK: ğŸ˜­ğŸ˜­ğŸ˜­  cr.KNMTNOR1 https://t.co/rNuKixJ52w",141,160,323,3873,in,1271439514460753920,1612419763678097412,treasuremenfess,https://twitter.com/treasuremenfess/status/1612419763678097412,
Mon Jan 09 09:40:10 +0000 2023,1612383723160502273,"- ada yang nanya han apa dia punya temen di treasure? Han bilang ga ada yang deket tapi dia denger kalo mereka suka SEVENTEEN, dia bilang makasih.",104,1,110,736,in,1259708808386891776,1612379599115280384,My17youth,https://twitter.com/My17youth/status/1612383723160502273,
Mon Jan 09 07:48:12 +0000 2023,1612355545234804736,[INFO] 230108   Doyoung Treasure menyebut KAI di akun weversenya. ğŸ’›  ğŸ‘¤ : Namaku berawalan huruf â€˜KAâ€™ dan diakhiri huruf â€˜Iâ€™ coba tebak siapa namaku~~  DY : Kaâ€¦ Kai sunbaenim? Kamu sudah mulai main Weverse?   #KAI #ì¹´ì´  #ì—‘ì†Œì¹´ì´ @weareoneEXO https://t.co/x2qDr7HYxZ,24,1,89,628,in,1499651412162396166,1612355545234804736,Kaigom_INA,https://twitter.com/Kaigom_INA/status/1612355545234804736,weareoneEXO
Sun Jan 08 16:22:07 +0000 2023,1612122485750927360,Crowd during Darari. ğŸ¤ŸğŸ» #TREASURE #íŠ¸ë ˆì € @treasuremembers https://t.co/z8FpoGoOa0,50,5,3816,12678,in,1256653668624916480,1612122485750927360,aiurskies_,https://twitter.com/aiurskies_/status/1612122485750927360,treasuremembers
Sun Jan 08 10:36:20 +0000 2023,1612035468157386752,inspirasi piyama yang dipakai member treasureğŸŒ™ğŸ’¤   -Ë‹Ë à¼»a theardà¼º ËËŠ- https://t.co/w54i6NDUiW,12,1,342,1932,in,1458102258294525961,1612035468157386752,sweetcandyss_,https://twitter.com/sweetcandyss_/status/1612035468157386752,
Sun Jan 08 07:20:09 +0000 2023,1611986097860677632,teume! macam - macam treasure sign dari member treasure sendiri .. https://t.co/FrxxDWDijD,14,53,126,2010,in,1271439514460753920,1611986097860677632,treasuremenfess,https://twitter.com/treasuremenfess/status/1611986097860677632,
Sat Jan 07 17:03:20 +0000 2023,1611770470634000385,230108 in BKK  pretty boy ğŸ’–ğŸ˜­ #YOSHI #ìš”ì‹œ  #TREASURE #GDAinBKK  #WelcomeTREASUREtoTHAILAND https://t.co/e5uaWe39aU,29,1,566,1214,in,114157383,1611770470634000385,FifiPetal_95,https://twitter.com/FifiPetal_95/status/1611770470634000385,
Sat Jan 07 15:13:00 +0000 2023,1611742705260072960,[yg_treasure_tiktok] 230107  HELLO from Golden Disc Awards  ğŸ–‡ï¸https://t.co/7fDWlaEHvT  #TREASURE #íŠ¸ë ˆì € #ãƒˆãƒ¬ã‚¸ãƒ£ãƒ¼  @treasuremembers https://t.co/kMuUtJBdSy,9,0,386,1107,in,1469253385312370690,1611742705260072960,trsrupdates,https://twitter.com/trsrupdates/status/1611742705260072960,treasuremembers
Sat Jan 07 14:09:25 +0000 2023,1611726706506883072,230107 GDA in BKK bigbang sunbaenim jjang!  #íŠ¸ë ˆì € #TREASURE #GDAinBKK https://t.co/V2AfHHITbv,6,0,615,1518,in,1412066029484732416,1611726706506883072,jwoolovs,https://twitter.com/jwoolovs/status/1611726706506883072,
Sat Jan 07 13:51:03 +0000 2023,1611722080646758402,@KhhFess member baru treasure 'seo donghyun'ğŸ˜­ https://t.co/QYjLe2G1Jr,122,2,183,926,in,913029648631586816,1611719819459690504,eterntyy_,https://twitter.com/eterntyy_/status/1611722080646758402,KhhFess
Sat Jan 07 13:33:23 +0000 2023,1611717636043440138,ada OP yang ngeliat hyunjin jabat tangan sm Park Jihoon Treasure di artist seat. wahh 00z ini gamau nyusul collab stage ajah kah hehe  @Stray_Kids #StrayKids #ìŠ¤íŠ¸ë ˆì´í‚¤ì¦ˆ ğŸ¦‰Â©shikaishappyyy https://t.co/ulGZcwKScy,28,2,186,635,in,1286762058122326016,1611717636043440138,stayspedia_id,https://twitter.com/stayspedia_id/status/1611717636043440138,Stray_Kids
Sat Jan 07 13:27:42 +0000 2023,1611716206389784579,Hyunjin with (?) #treasure #StrayKidsâ€‹ #GDAinBKK https://t.co/YaGQXqqNgU,128,8,551,1408,in,66648142,1611716206389784579,iNaverLand,https://twitter.com/iNaverLand/status/1611716206389784579,
Sat Jan 07 12:54:43 +0000 2023,1611707905082028032,ğŸ¥ğŸ’ â€œDARARI CHALLENGEâ€  #íŠ¸ë ˆì € #TREASURE @treasuremembers https://t.co/BWEwXF2cmV,30,0,431,1391,in,1137179556320727040,1611707905082028032,treasure_hd,https://twitter.com/treasure_hd/status/1611707905082028032,treasuremembers
Sat Jan 07 12:20:22 +0000 2023,1611699259593871360,Darari  #GDAinBKK #GDA2023_WITH_TREASURE #íŠ¸ë ˆì €_ê³¨ë“ ë””ìŠ¤í¬ë¡œ_ì§ì§„ #TREASURE #ì¤€ê·œ #JUNKYU @treasuremembers https://t.co/mw75PHxnoh,43,0,954,1826,in,1414229969664843781,1611699259593871360,bluesummerxx,https://twitter.com/bluesummerxx/status/1611699259593871360,treasuremembers
Sat Jan 07 12:12:00 +0000 2023,1611697154812432388,230107 GDA in BKK - DARARI (remix ver.)   #ë°•ì •ìš° #íŠ¸ë ˆì € #TREASURE #GDAinBKK https://t.co/BTsRCVfuzO,21,1,879,1843,in,1412066029484732416,1611697154812432388,jwoolovs,https://twitter.com/jwoolovs/status/1611697154812432388,
Sat Jan 07 12:06:38 +0000 2023,1611695805186060288,"[#TREASURE @ #GDA2023]  BOY, JIKJIN, DARARI PART TWO  #GDA2023_WITH_TREASURE #íŠ¸ë ˆì € https://t.co/isSE10ISx5",27,0,366,1116,in,1050195694949142528,1611695245963534336,nitrolastic,https://twitter.com/nitrolastic/status/1611695805186060288,
Sat Jan 07 12:04:25 +0000 2023,1611695245963534336,"[#TREASURE @ #GDA2023 ]   BOY, JIKJIN, DARARI PART ONE  #GDA2023_WITH_TREASURE #íŠ¸ë ˆì € https://t.co/fPJACZppSl",143,20,2336,6301,in,1050195694949142528,1611695245963534336,nitrolastic,https://twitter.com/nitrolastic/status/1611695245963534336,
Sat Jan 07 12:01:45 +0000 2023,1611694577915944963,GDA - Jikjin  #íŠ¸ë ˆì € #GDA2023_WITH_TREASURE @treasuremembers https://t.co/hwM46w2YvN,33,3,699,1284,in,1320543364828180480,1611694577915944963,7SKIESCHS,https://twitter.com/7SKIESCHS/status/1611694577915944963,treasuremembers
Sat Jan 07 03:42:41 +0000 2023,1611568980606742528,"-idol jeongwoo sama junghwan treasure, kalau jd orang indonesia cocoknya jadi orang mana ya ğŸ˜­ https://t.co/VoZ6AzBb3y",375,555,734,9066,in,1210342758029807616,1611568980606742528,starfess,https://twitter.com/starfess/status/1611568980606742528,
Sat Jan 07 03:13:33 +0000 2023,1611561651844829185,"aku dan teman2ku masuk tmi log SHI guysğŸ¥¹âœ¨ğŸ’™ğŸ’™ğŸ’™SENENG BANGET BUKAN MAEN AAAAAAAğŸ˜­ â€œTREASURE FIGHTING, AKU CINTA KAMUâ€ !!! @treasuremembers #SHI2022 https://t.co/5a0zGjLRPB",5,51,78,961,in,1391648700997328903,1611561651844829185,breakofrose,https://twitter.com/breakofrose/status/1611561651844829185,treasuremembers
Sat Jan 07 03:01:08 +0000 2023,1611558524307529730,#TREASURE [T.M.I] EP.30 â€˜SARANGHAEYO INDONESIA 2022â€™ Behind The Scenes  â–¶ï¸ https://t.co/qGc5LDsQXH   #íŠ¸ë ˆì € #TMI #EP_30 #SARANGHAEYO_INDONESIA_2022 #BehindTheScenes #YG,870,266,6807,18189,in,408177579,1611558524307529730,ygent_official,https://twitter.com/ygent_official/status/1611558524307529730,
Fri Jan 06 13:04:35 +0000 2023,1611348000999354372,on our way to bangkok for gdağŸ§šğŸ»ğŸ§šğŸ» asahi iseng as usualğŸ™„ @treasuremembers   #TMSD #ASAHI #TREASURE #TreasureMakerSelcaDay #ì•„ì‚¬íˆ https://t.co/tlJe7ERaCa,41,88,132,860,in,1519377564870930432,1611348000999354372,cheee_ru,https://twitter.com/cheee_ru/status/1611348000999354372,treasuremembers
Fri Jan 06 13:00:44 +0000 2023,1611347030701637635,"Hari Minggu itu weekend, tapi kalau cinta aku ke kamu tuh will never end  #TMSD #TreasureMakerSelcaDay #TeumeSelcaDay #Junkyu #ì¤€ê·œ #TREASURE #íŠ¸ë ˆì¡° @treasuremembers https://t.co/fYLVXNtR9K",5,110,307,391,in,1415271568473612294,1611347030701637635,prkjjwoo,https://twitter.com/prkjjwoo/status/1611347030701637635,treasuremembers
Fri Jan 06 12:51:25 +0000 2023,1611344687641800705,ngambek bang?  #TMSD #TreasureMakerSelcaDay #teumeselcaday #PARKJEONGWOO #ë°•ì •ìš° #TREASURE @treasuremembers https://t.co/bIi3bbHRfd,2,143,300,403,in,1535526709998391296,1611344687641800705,ahmdasahi,https://twitter.com/ahmdasahi/status/1611344687641800705,treasuremembers
Fri Jan 06 12:45:18 +0000 2023,1611343148785242113,bpjs (butuh pundak jeongwoo selamanya)  #TMSD #TreasureMakerSelcaDay #TeumeSelcaDay #PARKJEONGWOO #JEONGWOO #ë°•ì •ìš° #TREASURE #íŠ¸ë ˆì € @treasuremembers https://t.co/2kSlZOAQtL,1,130,383,465,in,1278698589619798023,1611343148785242113,pinkypayy_,https://twitter.com/pinkypayy_/status/1611343148785242113,treasuremembers
Thu Jan 05 09:54:48 +0000 2023,1610937853697200128,teume! liat deh thai teume yang jemput treasure di airport ada yang pake beginian ğŸ˜­ (ctto) https://t.co/DweeaBc341,110,140,248,4988,in,1271439514460753920,1610937853697200128,treasuremenfess,https://twitter.com/treasuremenfess/status/1610937853697200128,
Thu Jan 05 09:53:20 +0000 2023,1610937485487640577,[yg_treasure_tiktok] 230105  ğŸ–‡ï¸https://t.co/SEb2CLsjcU  #TREASURE #íŠ¸ë ˆì € #ãƒˆãƒ¬ã‚¸ãƒ£ãƒ¼  @treasuremembers https://t.co/dB0gIWiIHa,76,0,339,1066,in,1469253385312370690,1610937485487640577,trsrupdates,https://twitter.com/trsrupdates/status/1610937485487640577,treasuremembers
Thu Jan 05 09:01:56 +0000 2023,1610924550262489089,"@treasuremenfess Aku bersyukur dalcom mutusin buat bikin double treasure (treasure12 &amp  treasure). Aku bersyukur dalcom gak hapus semua data ttg mashidam. Voice mereka masih ada, wpp room tetep ada, dan card mereka masih genap ğŸ¥ºğŸ’— https://t.co/IWRJd1jNm3",9,5,34,1094,in,1509476492363067392,1610920937721049088,nissincraker,https://twitter.com/nissincraker/status/1610924550262489089,treasuremenfess
Thu Jan 05 08:47:35 +0000 2023,1610920937721049088,"teume! treasure yg bareng mashidam udh diganti jadi TREASURE(12)"" ğŸ¥ºğŸ¥ºğŸ¥º https://t.co/Nmff1ZYlVq""",299,192,454,8027,in,1271439514460753920,1610920937721049088,treasuremenfess,https://twitter.com/treasuremenfess/status/1610920937721049088,
Thu Jan 05 03:36:42 +0000 2023,1610842699862622210,"2023 TREASURE TOUR HELLO capacity   â€¢ Macau â€” 16,000 â€¢ Manila â€” 15,000 â€¢ Taipei â€” 15,000 â€¢ Hong Kong â€” 14,000ğŸ†• â€¢ Singaporeâ€” 12,000 â€¢ Bangkok â€” 11,000 â€¢ Kuala Lumpur â€” 10,000 â€¢ Jakarta â€” 10,000 (x2)  TOTAL: 103,000 @treasuremembers #TREASURE #íŠ¸ë ˆì € https://t.co/TrSO5o1lbf",42,5,485,1393,in,1341068516447973377,1610842699862622210,SOULMATESJlKYU,https://twitter.com/SOULMATESJlKYU/status/1610842699862622210,treasuremembers
Thu Jan 05 01:54:37 +0000 2023,1610817010199560194,Teume! Drop foto treasure yang nggak keliatan wajahnya kayak gini dong!! https://t.co/YBrJbJVdgP,22,131,405,4606,in,1271439514460753920,1610817010199560194,treasuremenfess,https://twitter.com/treasuremenfess/status/1610817010199560194,
Wed Jan 04 12:25:31 +0000 2023,1610613394079637506,[yg_treasure_tiktok] 230104  ğŸ–‡ï¸https://t.co/KSc64CSHqa  #TREASURE #íŠ¸ë ˆì € #ãƒˆãƒ¬ã‚¸ãƒ£ãƒ¼  @treasuremembers https://t.co/bddYGXwGu4,88,0,529,1446,in,1469253385312370690,1610613394079637506,trsrupdates,https://twitter.com/trsrupdates/status/1610613394079637506,treasuremembers
Wed Jan 04 15:29:45 +0000 2023,1610659757739888642,Teume! Wahhh ternyata kak Noa juga lihat konser treasure ğŸ˜­ğŸ«¶ https://t.co/RdJkjXNQQB,154,156,253,3341,in,1271439514460753920,1610659757739888642,treasuremenfess,https://twitter.com/treasuremenfess/status/1610659757739888642,
Wed Jan 04 16:28:43 +0000 2023,1610674598118580226,[TRANS] ğŸ¤– 040123  Makasih TREASURE MAKER Terbaik deh first japan tour ini Aku berterima kasih buat semua orang yang udah terlibat untuk hal ini. Berikatan sama orang-orang tuh hangat ya. Selamat tidur  @treasuremembers https://t.co/HXakd2RcIO,114,34,519,2296,in,1376469852479574020,1610674598118580226,teuverse_id,https://twitter.com/teuverse_id/status/1610674598118580226,treasuremembers
Wed Jan 04 12:03:13 +0000 2023,1610607781933109251,"Teume! Asli sender merinding banget dengernya ğŸ˜­ Ada perasaan iri karena sender juga pengen nyanyi bareng sama Treasure dan Teume lain kayak gini ğŸ˜­ Sender harap semua Teume around the world bisa ngerasain momen gini someday â¤ï¸   https://t.co/1XtZpaNI1O""",27,1,228,1036,in,1271439514460753920,1610607781933109251,treasuremenfess,https://twitter.com/treasuremenfess/status/1610607781933109251,
Tue Jan 03 10:15:04 +0000 2023,1610218176213843968,"teume! Aku baru nonton konten treasure yang ini, terus pas bagian ini translatenya kek IWBROEJDODJSLSJ. ngerti ga? ngerti lah masa enggaã… ã…  https://t.co/CA9k18PPwI",82,108,166,3336,in,1271439514460753920,1610218176213843968,treasuremenfess,https://twitter.com/treasuremenfess/status/1610218176213843968,
Tue Jan 03 12:18:11 +0000 2023,1610249161341034498,230103 HELLO in SAITAMA  skrrrrrr~  #íŠ¸ë ˆì € #TREASURE #í•˜ë£¨í†  https://t.co/znir4f5OqL,669,0,1445,2868,in,1224871189497016320,1610249161341034498,0takudairy,https://twitter.com/0takudairy/status/1610249161341034498,
Tue Jan 03 16:38:10 +0000 2023,1610314585449590785,"[TRANS] ğŸ¶ 030123  OP : kak ini beneran harapanku di tahun iniâ€¦nanti pas encore di konser jakarta boleh kasih micnya ke aku? kecuali volkno, aku hafal semua lirik lagu treasure. suaraku juga gak jelek jadi kalo bisa pengen banget sekali ajaâ€¦  ğŸ¶ : ooo aku jadi nungguin nih~ ğŸ˜ƒ https://t.co/nCDkoXZV3r",227,98,253,2794,in,1376469852479574020,1610314585449590785,teuverse_id,https://twitter.com/teuverse_id/status/1610314585449590785,
Tue Jan 03 08:07:18 +0000 2023,1610186023262384128,"Percayalahâ€¦ selama di Saitama, susah banget nemuin warga asing alias emang beneran penuhnya sama warga lokal jepang nya sendiriâ€¦ Yaaa bener brarti selama ini chart lagu Treasure di jepang selalu nomer 1 ga gaib genks, manusia yang streamingnya beneran nongol smua ini di konser",17,5,186,1121,in,114125260,1610186023262384128,Rena_NR,https://twitter.com/Rena_NR/status/1610186023262384128,
Mon Jan 02 13:08:27 +0000 2023,1609899422032486400,"@starfess Buat yg blm tau, yg kiri itu PARK JEONGWOO yağŸ™ğŸ» dia salah satu maknae linenya treasure. Agak malu2 gtu anaknya tp klo sm member aktif sekaliiğŸ˜­ update wv nitip ke abang2nya alias jarang update. 04L badannya bongsor, cowok AKPOLnya teumeğŸ˜­ğŸ™ğŸ»  Cr. On vid https://t.co/3XDU4dW1Ze",18,8,137,1114,in,1577234430367629312,1609880365463916552,anotherjwoo,https://twitter.com/anotherjwoo/status/1609899422032486400,starfess
Sat Dec 31 13:14:00 +0000 2022,1609176042195025921,[TRANS] ğŸ¨ 311222  Treasure Makers ğŸ¥° Makasih buat tahun 2022nya ğŸŒ  Mohon bantuannya juga di tahun 2023â™¥ï¸ Aku selalu dukung kalian!?!?ğŸ‘ŠğŸŒ   @treasuremembers https://t.co/OfXL4xhEg1,19,3,272,981,in,1376469852479574020,1609176042195025921,teuverse_id,https://twitter.com/teuverse_id/status/1609176042195025921,treasuremembers
Sat Dec 31 09:47:43 +0000 2022,1609124131643232258,teume! main bingo treasure makers ver yuk! kalian pernah yang mana aja? ğŸ˜„ğŸ¤šğŸ» https://t.co/ZbtOUGz96x,171,796,71,1070,in,1271439514460753920,1609124131643232258,treasuremenfess,https://twitter.com/treasuremenfess/status/1609124131643232258,
Sat Dec 31 09:44:28 +0000 2022,1609123310755020800,"Teume! Hajeongwoo yang tambah dewasa, gue yang nangis  cr: @/wowfakta_treasure on ig https://t.co/5I5A3FWthq",468,284,628,6498,in,1271439514460753920,1609123310755020800,treasuremenfess,https://twitter.com/treasuremenfess/status/1609123310755020800,
Sat Dec 31 06:00:00 +0000 2022,1609066824267857920,ada gak yang ngepick anak boys! planet karena mirip sama bias (wkwk sekte baruğŸ˜­ğŸ¤Ÿ) kalo iya siapaa?  kalo sender : ngepick yuki karena mirip doyoung treasure https://t.co/NrfMFVD8WH,53,66,27,445,in,772599937322196992,1609066824267857920,BPlanetfess,https://twitter.com/BPlanetfess/status/1609066824267857920,
Sat Dec 31 05:29:21 +0000 2022,1609059109369966592,beautiful yosahiğŸ¤  #ASAHI #ì•„ì‚¬íˆ #TREASURE #íŠ¸ë ˆì € https://t.co/KN0YiagYEv,39,1,948,4301,in,1452156544624168960,1609059109369966592,ASAHIFEEDS,https://twitter.com/ASAHIFEEDS/status/1609059109369966592,
Fri Dec 30 06:26:02 +0000 2022,1608710988462981124,20221230 asahi ğŸ‡°ğŸ‡·âœˆï¸ğŸ‡¯ğŸ‡µ #ASAHI #ì•„ì‚¬íˆ #ã‚¢ã‚µãƒ’ #æœå…‰ #íŠ¸ë ˆì € #TREASURE https://t.co/GXHsiKnb1z,12,1,358,1182,in,632884432,1608710988462981124,cathylaibobo,https://twitter.com/cathylaibobo/status/1608710988462981124,
Fri Dec 30 05:09:41 +0000 2022,1608691772284338179,teume! 2023 tahunnya treasure!!! https://t.co/KLEwcyPDHE,101,139,430,3414,in,1271439514460753920,1608691772284338179,treasuremenfess,https://twitter.com/treasuremenfess/status/1608691772284338179,
Fri Dec 30 04:51:00 +0000 2022,1608687070398279681,"@starfess Mulai debut - ampe skrg mrk gk pernah ngerasain gmn previlege agensi, yg ada mrk selalu melalui era down nya agensi. Debut pas skandal YG, mrk gk ngapain2 tp di cerca luar dalam, skrg ditinggal para role model mrk, YG kembali diliat negatif , sdgkan Treasure msh brkembang",22,13,178,1846,in,1353666558246051841,1608683082663747585,Meragold1,https://twitter.com/Meragold1/status/1608687070398279681,starfess
Fri Dec 30 04:35:09 +0000 2022,1608683082663747585,-guys treasure anak bungsu kudu kuat ğŸ˜­ğŸ™ğŸ» https://t.co/t60yUH5u0E,469,285,1202,12623,in,1210342758029807616,1608683082663747585,starfess,https://twitter.com/starfess/status/1608683082663747585,
Fri Dec 30 04:05:53 +0000 2022,1608675716325081089,teume! treasure anak bungsu paling strong...ğŸ˜“ğŸ’ª https://t.co/IWOkoHnP5W,195,190,520,6490,in,1271439514460753920,1608675716325081089,treasuremenfess,https://twitter.com/treasuremenfess/status/1608675716325081089,
Fri Dec 30 03:49:58 +0000 2022,1608671710907355136,"@starfess Treasure, akmu, dan mixue",54,36,71,1424,in,902524040845205505,1608670995736563712,hoxychacha,https://twitter.com/hoxychacha/status/1608671710907355136,starfess
Fri Dec 30 03:39:30 +0000 2022,1608669079732375558,@starfess treasure winner akmu sechskies otw nyusul black label karena gedung YG mau dikosongin buat dijadiin gerai mixue,18,9,63,843,in,1522583157622542336,1608668517599170562,thisuseristeume,https://twitter.com/thisuseristeume/status/1608669079732375558,starfess
Fri Dec 30 03:38:15 +0000 2022,1608668762722684928,"teume! treasure nih beneran kaya anak bungsu ya, yg lahir pas orang tua kehilangan masa kejayaannya, pressure dengan karir kakak-kakaknya, terus liat kakaknya satu per satu pergi wkwk.. semangat yak sur",185,111,508,4688,in,1271439514460753920,1608668762722684928,treasuremenfess,https://twitter.com/treasuremenfess/status/1608668762722684928,
Fri Dec 30 03:32:48 +0000 2022,1608667393034964994,@starfess treasure winner akmu sechskies: kita pindah kesebelah jg apa ya,23,11,109,3930,in,1522583157622542336,1608666368710447104,thisuseristeume,https://twitter.com/thisuseristeume/status/1608667393034964994,starfess
Fri Dec 30 03:18:58 +0000 2022,1608663912106586120,@starfess BELOM KESAMPEAN NONTON KONSER YG FAMILY TRS LIAT IKON WINNER BIGBANG BLACKPINK TREASURE SATU PANGGUNG ğŸ˜­ğŸ˜­ğŸ˜­,17,4,39,702,in,1522583157622542336,1608663387436875776,thisuseristeume,https://twitter.com/thisuseristeume/status/1608663912106586120,starfess
Fri Dec 30 02:31:30 +0000 2022,1608651964111540229,"â€¢ idol yang keluar dari YG : daesung, top, taeyang bigbang, all members ikon, yedam &amp  mashiho treasure â€¢ idol yang tersisa di YG : GD, blackpink, akmu, treasure   curiga next akmu sama blackpink setelah 7 tahun + tour selesai, berarti sisa treasure aja",35,34,275,3226,in,1250804015803195395,1608651964111540229,jsboyfie,https://twitter.com/jsboyfie/status/1608651964111540229,
Thu Dec 29 11:56:18 +0000 2022,1608431715818819584,liat ini teume! salah satu peserta boys planet role modelnya íŠ¸ë ˆì € alias Treasure nangis banget bangga ğŸ˜­ğŸ˜­ https://t.co/tyiuUVmXDM,173,129,479,5071,in,1271439514460753920,1608431715818819584,treasuremenfess,https://twitter.com/treasuremenfess/status/1608431715818819584,
Wed Dec 28 12:15:46 +0000 2022,1608074225054814208,Parfum yang dipakai member treasure ğŸ’  â€”a thread https://t.co/K309HNaclX,13,2,221,1296,in,1180501227655745537,1608074225054814208,awasracunn,https://twitter.com/awasracunn/status/1608074225054814208,
Wed Dec 28 12:11:25 +0000 2022,1608073129750065152,[yg_treasure_tiktok] 20221228  untouchable bbirotongtong âœ¨  ğŸ–‡ï¸ https://t.co/YWlwhnB4f1  #TREASURE #íŠ¸ë ˆì € #ãƒˆãƒ¬ã‚¸ãƒ£ãƒ¼  @treasuremembers https://t.co/d39OlEjoSQ,111,0,475,1566,in,1469253385312370690,1608073129750065152,trsrupdates,https://twitter.com/trsrupdates/status/1608073129750065152,treasuremembers
Wed Dec 28 05:09:42 +0000 2022,1607966999900213255,"anjirrr treasure ngonser, gue kudu nontonlah yakali enggak  lewat space",295,147,1704,10150,in,1290902917709328387,1607966999900213255,berahemmings,https://twitter.com/berahemmings/status/1607966999900213255,
Wed Dec 28 04:02:06 +0000 2022,1607949991443853312,PENJELASAN KONSER TREASURE in JAKARTA untuk TEUME biar nggak salah langkah yaaa (aku jelasin pake bahasa bayi biar mudah dimengerti)  a tread https://t.co/OwQzVAZJta,124,61,1672,5990,in,1041544720348897281,1607949991443853312,abcderinna,https://twitter.com/abcderinna/status/1607949991443853312,
Wed Dec 28 03:16:37 +0000 2022,1607938541547405313,"2023 TREASURE TOUR HELLO capacity   â€¢ Taipei â€” 15,000 â€¢ Kuala Lumpur â€” 10,000 â€¢ Jakarta â€” 10,000 â€¢ Bangkok â€” 11,000 â€¢ Singaporeâ€” 12,000 â€¢ Manila â€” 15,000 â€¢ Macau â€” 16,000  @treasuremembers #TREASURE #íŠ¸ë ˆì € https://t.co/WemngsQCIT",212,8,1401,3091,in,1341068516447973377,1607938541547405313,SOULMATESJlKYU,https://twitter.com/SOULMATESJlKYU/status/1607938541547405313,treasuremembers
Wed Dec 28 03:15:00 +0000 2022,1607938136054857728,-base OMG TREASURE KONSER DI INDO 2 HARI GAIS DI ICE BSD BULAN MARETğŸ¤©ğŸ¤©ğŸ¤©ğŸ¤© https://t.co/QdNNOKUgnA,75,84,128,1368,in,1210342758029807616,1607938136054857728,starfess,https://twitter.com/starfess/status/1607938136054857728,
Wed Dec 28 03:14:42 +0000 2022,1607938061375270913,yg takminat treasure to jgn sekali2 join war beli ticket. kang kene sumpah seranah nnt,47,13,404,913,in,1144345774420971521,1607938061375270913,Naddy0314,https://twitter.com/Naddy0314/status/1607938061375270913,
Wed Dec 28 03:12:14 +0000 2022,1607937439993298944,"[COMING SOON] 2023 TREASURE TOUR [HELLO] IN KUALA LUMPUR  ğŸ“†: 11th March 2023 (Saturday) ğŸŸï¸: Malawati Indoor Stadium, Shah Alam, Selangor.  #íŠ¸ë ˆì € #TREASURE #HELLO #TREASUREinMY #TREASUREinKL #HELLOinMY #HELLOinKL https://t.co/zoxQoVSSDQ",306,36,816,1839,in,1003914344,1607937439993298944,msiakpopfans,https://twitter.com/msiakpopfans/status/1607937439993298944,
Wed Dec 28 03:04:27 +0000 2022,1607935482935283714,"2023 Treasure íŠ¸ë ˆì € TOUR [HELLO]   Kuala Lumpur  ğŸ—“ 2023.03.11 ğŸ“ Malawati Indoor Stadium, Shah Alam https://t.co/of45NNSgK5",1066,90,1789,4231,in,829012795,1607935482935283714,_hallyupop,https://twitter.com/_hallyupop/status/1607935482935283714,
Tue Dec 27 17:02:31 +0000 2022,1607783999677820928,"[TRANS] ğŸ¶ 271222  OP : park jihoon cowo rakkidol makasih ğŸ¥ºğŸ™ğŸ» gebetanku setelah 10 tahun akhirnya ngeDM aku !! âœŒğŸ»ğŸ¤© bahkan dia tau lagu treasure juga,, aku pertama ngerekomendasiin hold it in sama be with me,  -c- https://t.co/RUmWsZlE3P",22,8,76,1301,in,1376469852479574020,1607783999677820928,teuverse_id,https://twitter.com/teuverse_id/status/1607783999677820928,
Tue Dec 27 13:13:41 +0000 2022,1607726410717876224,HELLO BY TREASURE!!!! awalnya disorakin â€œjunghwan junghwanâ€ aku jadi gemeter dan grogi HAHA ğŸ˜­ğŸ«¶ğŸ» https://t.co/NkZMSi7EDp,16,36,76,1929,in,1463713682542641154,1607726410717876224,donatnyawawan,https://twitter.com/donatnyawawan/status/1607726410717876224,
Tue Dec 27 10:07:14 +0000 2022,1607679490108555264,Arti Bunga Yang Dipegang Member Treasure di Treasure in the Night Garden https://t.co/ivfhp44Rao,19,3,740,3808,in,1209329456847867904,1607679490108555264,barxatuu,https://twitter.com/barxatuu/status/1607679490108555264,
Tue Dec 27 08:19:59 +0000 2022,1607652500626378752,teume! wih bakal ada kumpulan treasure reaction to idol lain nih ğŸ˜ğŸ˜ğŸ˜ https://t.co/7i1hQiPH4A,22,20,163,1700,in,1271439514460753920,1607652500626378752,treasuremenfess,https://twitter.com/treasuremenfess/status/1607652500626378752,
Tue Dec 27 07:45:59 +0000 2022,1607643946032967680,lucu bgt anak anak kita teume! selusin naik pesawatğŸ˜  cr. treasure_canada https://t.co/5hF4WunO5K,27,37,61,1309,in,1271439514460753920,1607643946032967680,treasuremenfess,https://twitter.com/treasuremenfess/status/1607643946032967680,
Mon Dec 26 15:56:19 +0000 2022,1607404954339397633,"Teume! Coba tunjukin cinta pertama kalian di Treasure, oke sender duluan.   Hehehe dia cinta pertama sender, dia yang bikin sender kenal treasure. https://t.co/DcFqXjNCru",121,543,159,2258,in,1271439514460753920,1607404954339397633,treasuremenfess,https://twitter.com/treasuremenfess/status/1607404954339397633,
Mon Dec 26 12:24:48 +0000 2022,1607351723701710850,Laura Basuki di film ini damagenya bener-bener ga ada obat. Tiap ybs on screen bawaannya cuma pengen mengucap puji syukur ğŸ™ğŸ»  Kalo mau daftarin Laura sebagai national treasure ini kemana ya tolong dibantu??!!!! https://t.co/9cucyyqAgb,178,60,266,1059,in,1297733148,1607343452223852547,CenayangFilm,https://twitter.com/CenayangFilm/status/1607351723701710850,
Mon Dec 26 10:19:43 +0000 2022,1607320246494584834,[TRANS] ğŸ¶ 261222  OP: Aku semakin suka kakak. Gimana nih?  ğŸ¶: Gimana nih Treasure Maker semuanya ?   @treasuremembers https://t.co/aWXwMiO97o,167,133,94,1486,in,1376469852479574020,1607320246494584834,teuverse_id,https://twitter.com/teuverse_id/status/1607320246494584834,treasuremembers
Mon Dec 26 05:43:49 +0000 2022,1607250811645759489,"teume! jd tdi aku makan bareng tetangga kost, ternyata dia dulunya teume YGTB, tp krna kelamaan debut sayangnya dia keburu stan yg lain dan skrang udh ga aktif kpop. trs dia shock pas liat foto hajeongwan yg skrang ğŸ˜­ dia udh lama ga liat treasure smpe katanya yg ada  (cont..) https://t.co/u8F8Rl9vRe",36,27,64,1611,in,1271439514460753920,1607250811645759489,treasuremenfess,https://twitter.com/treasuremenfess/status/1607250811645759489,
Sun Dec 25 13:52:41 +0000 2022,1607011452564668417,[yg_treasure_tiktok] 20221225  Santa leader's uncontrollable ğŸ¦”ğŸ…ğŸ»  ğŸ–‡ï¸ https://t.co/DjQkwXgUc1  #TREASURE #íŠ¸ë ˆì € #ãƒˆãƒ¬ã‚¸ãƒ£ãƒ¼  @treasuremembers https://t.co/5WVAlvX7G6,20,0,354,919,in,1469253385312370690,1607011452564668417,trsrupdates,https://twitter.com/trsrupdates/status/1607011452564668417,treasuremembers
Sun Dec 25 12:11:59 +0000 2022,1606986111360077824,"teume! aku kira stan treasure setelah nikah ngga bakal seberpengaruh ini, berantem tentang hal yang harusnya ngga perlu diributin, terakhir kita berantem dan dia bilang ya terus maunya apa? aku muak kamu bahas yoshimu itu mulu"" aku berusaha minta maaf sama dia, karena  (cont..) https://t.co/ShEZuaO73z""",136,383,121,3330,in,1271439514460753920,1606986111360077824,treasuremenfess,https://twitter.com/treasuremenfess/status/1606986111360077824,
Sun Dec 25 08:12:26 +0000 2022,1606925822837022720,"[yg_treasure_tiktok] 20221225  TREASURE SANTA, TELL ME! ğŸ’ğŸ…ğŸ»  ğŸ–‡ï¸ https://t.co/rG1lvTHqsG  #TREASURE #íŠ¸ë ˆì € #ãƒˆãƒ¬ã‚¸ãƒ£ãƒ¼  @treasuremembers https://t.co/8KxqDvqgTP",250,0,1294,3655,in,1469253385312370690,1606925822837022720,trsrupdates,https://twitter.com/trsrupdates/status/1606925822837022720,treasuremembers
Sun Dec 25 08:11:06 +0000 2022,1606925489138184192,"Treasure tiktok update with Junkyu, Jaehyuk and Asahi  Merry Christmas Teume ğŸ„""  #JUNKYU #YOONJAEHYUK #ASAHI #ì¤€ê·œ #ìœ¤ì¬í˜ #ì•„ì‚¬íˆ https://t.co/ONfL28Bxl5""",90,0,396,938,in,1267351976821444608,1606925489138184192,kkyutiesdimple,https://twitter.com/kkyutiesdimple/status/1606925489138184192,
